distance,direction,eggs,aphids,week,replicate,treatment,date
0.5,N,0,4,wk1,1,Chemical,07/09/2016
0.5,E,0,4,wk1,1,Chemical,07/09/2016
0.5,S,1,5,wk1,1,Chemical,07/09/2016
0.5,W,1,5,wk1,1,Chemical,07/09/2016
0.5,N,0,4,wk1,2,Control,07/09/2016
0.5,E,2,5,wk1,2,Control,07/09/2016
0.5,S,0,1,wk1,2,Control,07/09/2016
0.5,W,0,0,wk1,2,Control,07/09/2016
0.5,N,0,6,wk1,3,Predator,07/09/2016
0.5,E,1,2,wk1,3,Predator,07/09/2016
0.5,S,0,0,wk1,3,Predator,07/09/2016
0.5,W,1,1,wk1,3,Predator,07/09/2016
0.5,N,1,0,wk1,4,Chemical,07/09/2016
0.5,E,1,1,wk1,4,Chemical,07/09/2016
0.5,S,2,0,wk1,4,Chemical,07/09/2016
0.5,W,1,4,wk1,4,Chemical,07/09/2016
0.5,N,0,8,wk1,5,Predator,07/09/2016
0.5,E,0,2,wk1,5,Predator,07/09/2016
0.5,S,0,0,wk1,5,Predator,07/09/2016
0.5,W,2,0,wk1,5,Predator,07/09/2016
0.5,N,2,21,wk1,6,Control,07/09/2016
0.5,E,3,6,wk1,6,Control,07/09/2016
0.5,S,0,1,wk1,6,Control,07/09/2016
0.5,W,0,4,wk1,6,Control,07/09/2016
0.5,N,0,4,wk1,7,Control,07/09/2016
0.5,E,0,8,wk1,7,Control,07/09/2016
0.5,S,0,0,wk1,7,Control,07/09/2016
0.5,W,0,4,wk1,7,Control,07/09/2016
0.5,N,0,1,wk1,8,Chemical,07/09/2016
0.5,E,1,2,wk1,8,Chemical,07/09/2016
0.5,S,0,0,wk1,8,Chemical,07/09/2016
0.5,W,0,0,wk1,8,Chemical,07/09/2016
0.5,N,0,0,wk1,9,Predator,07/09/2016
0.5,E,1,5,wk1,9,Predator,07/09/2016
0.5,S,0,0,wk1,9,Predator,07/09/2016
0.5,W,0,2,wk1,9,Predator,07/09/2016
0.5,N,0,0,wk1,10,Chemical,07/09/2016
0.5,E,1,1,wk1,10,Chemical,07/09/2016
0.5,S,1,2,wk1,10,Chemical,07/09/2016
0.5,W,0,9,wk1,10,Chemical,07/09/2016
0.5,N,0,4,wk1,11,Predator,07/09/2016
0.5,E,0,0,wk1,11,Predator,07/09/2016
0.5,S,1,1,wk1,11,Predator,07/09/2016
0.5,W,0,0,wk1,11,Predator,07/09/2016
0.5,N,0,1,wk1,12,Control,07/09/2016
0.5,E,0,0,wk1,12,Control,07/09/2016
0.5,S,1,0,wk1,12,Control,07/09/2016
0.5,W,1,0,wk1,12,Control,07/09/2016
0.5,N,0,1,wk1,13,Control,07/09/2016
0.5,E,0,0,wk1,13,Control,07/09/2016
0.5,S,1,1,wk1,13,Control,07/09/2016
0.5,W,0,6,wk1,13,Control,07/09/2016
0.5,N,0,0,wk1,14,Predator,07/09/2016
0.5,E,0,0,wk1,14,Predator,07/09/2016
0.5,S,0,1,wk1,14,Predator,07/09/2016
0.5,W,0,2,wk1,14,Predator,07/09/2016
0.5,N,0,1,wk1,15,Chemical,07/09/2016
0.5,E,1,5,wk1,15,Chemical,07/09/2016
0.5,S,0,1,wk1,15,Chemical,07/09/2016
0.5,W,0,4,wk1,15,Chemical,07/09/2016
0.5,N,1,1,wk1,16,Control,07/09/2016
0.5,E,0,4,wk1,16,Control,07/09/2016
0.5,S,0,0,wk1,16,Control,07/09/2016
0.5,W,0,2,wk1,16,Control,07/09/2016
0.5,N,0,10,wk1,17,Chemical,07/09/2016
0.5,E,1,1,wk1,17,Chemical,07/09/2016
0.5,S,1,1,wk1,17,Chemical,07/09/2016
0.5,W,1,1,wk1,17,Chemical,07/09/2016
0.5,N,0,7,wk1,18,Predator,07/09/2016
0.5,E,1,3,wk1,18,Predator,07/09/2016
0.5,S,1,13,wk1,18,Predator,07/09/2016
0.5,W,0,1,wk1,18,Predator,07/09/2016
0.5,N,5,4,wk1,19,Predator,07/09/2016
0.5,E,2,1,wk1,19,Predator,07/09/2016
0.5,S,2,2,wk1,19,Predator,07/09/2016
0.5,W,1,4,wk1,19,Predator,07/09/2016
0.5,N,0,0,wk1,20,Control,07/09/2016
0.5,E,0,0,wk1,20,Control,07/09/2016
0.5,S,0,0,wk1,20,Control,07/09/2016
0.5,W,0,3,wk1,20,Control,07/09/2016
0.5,N,1,2,wk1,21,Chemical,07/09/2016
0.5,E,1,1,wk1,21,Chemical,07/09/2016
0.5,S,1,4,wk1,21,Chemical,07/09/2016
0.5,W,0,5,wk1,21,Chemical,07/09/2016
1,N,0,0,wk1,1,Chemical,07/09/2016
1,E,0,1,wk1,1,Chemical,07/09/2016
1,S,3,1,wk1,1,Chemical,07/09/2016
1,W,0,0,wk1,1,Chemical,07/09/2016
1,N,1,4,wk1,2,Control,07/09/2016
1,E,2,2,wk1,2,Control,07/09/2016
1,S,1,2,wk1,2,Control,07/09/2016
1,W,1,1,wk1,2,Control,07/09/2016
1,N,0,0,wk1,3,Predator,07/09/2016
1,E,0,13,wk1,3,Predator,07/09/2016
1,S,1,0,wk1,3,Predator,07/09/2016
1,W,1,0,wk1,3,Predator,07/09/2016
1,N,1,1,wk1,4,Chemical,07/09/2016
1,E,1,0,wk1,4,Chemical,07/09/2016
1,S,2,1,wk1,4,Chemical,07/09/2016
1,W,1,2,wk1,4,Chemical,07/09/2016
1,N,0,0,wk1,5,Predator,07/09/2016
1,E,1,0,wk1,5,Predator,07/09/2016
1,S,1,6,wk1,5,Predator,07/09/2016
1,W,2,4,wk1,5,Predator,07/09/2016
1,N,2,2,wk1,6,Control,07/09/2016
1,E,0,0,wk1,6,Control,07/09/2016
1,S,0,1,wk1,6,Control,07/09/2016
1,W,1,8,wk1,6,Control,07/09/2016
1,N,1,1,wk1,7,Control,07/09/2016
1,E,0,2,wk1,7,Control,07/09/2016
1,S,0,0,wk1,7,Control,07/09/2016
1,W,0,4,wk1,7,Control,07/09/2016
1,N,3,0,wk1,8,Chemical,07/09/2016
1,E,0,2,wk1,8,Chemical,07/09/2016
1,S,1,1,wk1,8,Chemical,07/09/2016
1,W,1,7,wk1,8,Chemical,07/09/2016
1,N,0,5,wk1,9,Predator,07/09/2016
1,E,1,0,wk1,9,Predator,07/09/2016
1,S,0,7,wk1,9,Predator,07/09/2016
1,W,3,4,wk1,9,Predator,07/09/2016
1,N,0,4,wk1,10,Chemical,07/09/2016
1,E,0,1,wk1,10,Chemical,07/09/2016
1,S,0,1,wk1,10,Chemical,07/09/2016
1,W,3,11,wk1,10,Chemical,07/09/2016
1,N,0,1,wk1,11,Predator,07/09/2016
1,E,0,0,wk1,11,Predator,07/09/2016
1,S,0,0,wk1,11,Predator,07/09/2016
1,W,1,0,wk1,11,Predator,07/09/2016
1,N,0,0,wk1,12,Control,07/09/2016
1,E,0,0,wk1,12,Control,07/09/2016
1,S,0,0,wk1,12,Control,07/09/2016
1,W,1,1,wk1,12,Control,07/09/2016
1,N,1,2,wk1,13,Control,07/09/2016
1,E,0,2,wk1,13,Control,07/09/2016
1,S,1,2,wk1,13,Control,07/09/2016
1,W,1,6,wk1,13,Control,07/09/2016
1,N,1,0,wk1,14,Predator,07/09/2016
1,E,0,0,wk1,14,Predator,07/09/2016
1,S,0,0,wk1,14,Predator,07/09/2016
1,W,0,0,wk1,14,Predator,07/09/2016
1,N,2,1,wk1,15,Chemical,07/09/2016
1,E,2,2,wk1,15,Chemical,07/09/2016
1,S,0,4,wk1,15,Chemical,07/09/2016
1,W,1,0,wk1,15,Chemical,07/09/2016
1,N,0,2,wk1,16,Control,07/09/2016
1,E,1,2,wk1,16,Control,07/09/2016
1,S,1,2,wk1,16,Control,07/09/2016
1,W,1,2,wk1,16,Control,07/09/2016
1,N,2,0,wk1,17,Chemical,07/09/2016
1,E,4,0,wk1,17,Chemical,07/09/2016
1,S,0,0,wk1,17,Chemical,07/09/2016
1,W,1,0,wk1,17,Chemical,07/09/2016
1,N,1,7,wk1,18,Predator,07/09/2016
1,E,1,1,wk1,18,Predator,07/09/2016
1,S,1,4,wk1,18,Predator,07/09/2016
1,W,1,3,wk1,18,Predator,07/09/2016
1,N,1,2,wk1,19,Predator,07/09/2016
1,E,3,5,wk1,19,Predator,07/09/2016
1,S,2,0,wk1,19,Predator,07/09/2016
1,W,2,1,wk1,19,Predator,07/09/2016
1,N,1,1,wk1,20,Control,07/09/2016
1,E,0,1,wk1,20,Control,07/09/2016
1,S,1,0,wk1,20,Control,07/09/2016
1,W,0,6,wk1,20,Control,07/09/2016
1,N,0,3,wk1,21,Chemical,07/09/2016
1,E,0,0,wk1,21,Chemical,07/09/2016
1,S,0,2,wk1,21,Chemical,07/09/2016
1,W,1,5,wk1,21,Chemical,07/09/2016
2,N,2,2,wk1,1,Chemical,07/09/2016
2,E,2,7,wk1,1,Chemical,07/09/2016
2,S,1,0,wk1,1,Chemical,07/09/2016
2,W,1,1,wk1,1,Chemical,07/09/2016
2,N,2,10,wk1,2,Control,07/09/2016
2,E,2,2,wk1,2,Control,07/09/2016
2,S,0,0,wk1,2,Control,07/09/2016
2,W,0,0,wk1,2,Control,07/09/2016
2,N,1,1,wk1,3,Predator,07/09/2016
2,E,3,25,wk1,3,Predator,07/09/2016
2,S,2,8,wk1,3,Predator,07/09/2016
2,W,0,0,wk1,3,Predator,07/09/2016
2,N,0,3,wk1,4,Chemical,07/09/2016
2,E,3,2,wk1,4,Chemical,07/09/2016
2,S,1,12,wk1,4,Chemical,07/09/2016
2,W,4,3,wk1,4,Chemical,07/09/2016
2,N,3,1,wk1,5,Predator,07/09/2016
2,E,0,6,wk1,5,Predator,07/09/2016
2,S,1,3,wk1,5,Predator,07/09/2016
2,W,1,3,wk1,5,Predator,07/09/2016
2,N,1,0,wk1,6,Control,07/09/2016
2,E,1,1,wk1,6,Control,07/09/2016
2,S,1,2,wk1,6,Control,07/09/2016
2,W,4,2,wk1,6,Control,07/09/2016
2,N,1,7,wk1,7,Control,07/09/2016
2,E,1,3,wk1,7,Control,07/09/2016
2,S,0,5,wk1,7,Control,07/09/2016
2,W,0,3,wk1,7,Control,07/09/2016
2,N,0,0,wk1,8,Chemical,07/09/2016
2,E,1,2,wk1,8,Chemical,07/09/2016
2,S,0,3,wk1,8,Chemical,07/09/2016
2,W,1,3,wk1,8,Chemical,07/09/2016
2,N,3,1,wk1,9,Predator,07/09/2016
2,E,4,2,wk1,9,Predator,07/09/2016
2,S,0,0,wk1,9,Predator,07/09/2016
2,W,1,1,wk1,9,Predator,07/09/2016
2,N,0,3,wk1,10,Chemical,07/09/2016
2,E,3,5,wk1,10,Chemical,07/09/2016
2,S,0,1,wk1,10,Chemical,07/09/2016
2,W,0,1,wk1,10,Chemical,07/09/2016
2,N,1,4,wk1,11,Predator,07/09/2016
2,E,0,0,wk1,11,Predator,07/09/2016
2,S,0,2,wk1,11,Predator,07/09/2016
2,W,0,1,wk1,11,Predator,07/09/2016
2,N,0,0,wk1,12,Control,07/09/2016
2,E,0,1,wk1,12,Control,07/09/2016
2,S,1,0,wk1,12,Control,07/09/2016
2,W,0,2,wk1,12,Control,07/09/2016
2,N,3,0,wk1,13,Control,07/09/2016
2,E,0,3,wk1,13,Control,07/09/2016
2,S,0,1,wk1,13,Control,07/09/2016
2,W,1,3,wk1,13,Control,07/09/2016
2,N,1,0,wk1,14,Predator,07/09/2016
2,E,0,0,wk1,14,Predator,07/09/2016
2,S,2,0,wk1,14,Predator,07/09/2016
2,W,0,0,wk1,14,Predator,07/09/2016
2,N,4,2,wk1,15,Chemical,07/09/2016
2,E,0,4,wk1,15,Chemical,07/09/2016
2,S,0,0,wk1,15,Chemical,07/09/2016
2,W,0,0,wk1,15,Chemical,07/09/2016
2,N,0,2,wk1,16,Control,07/09/2016
2,E,0,0,wk1,16,Control,07/09/2016
2,S,2,0,wk1,16,Control,07/09/2016
2,W,1,3,wk1,16,Control,07/09/2016
2,N,1,0,wk1,17,Chemical,07/09/2016
2,E,0,0,wk1,17,Chemical,07/09/2016
2,S,1,2,wk1,17,Chemical,07/09/2016
2,W,2,0,wk1,17,Chemical,07/09/2016
2,N,2,1,wk1,18,Predator,07/09/2016
2,E,0,1,wk1,18,Predator,07/09/2016
2,S,0,0,wk1,18,Predator,07/09/2016
2,W,0,2,wk1,18,Predator,07/09/2016
2,N,1,6,wk1,19,Predator,07/09/2016
2,E,1,4,wk1,19,Predator,07/09/2016
2,S,5,0,wk1,19,Predator,07/09/2016
2,W,3,1,wk1,19,Predator,07/09/2016
2,N,0,1,wk1,20,Control,07/09/2016
2,E,0,1,wk1,20,Control,07/09/2016
2,S,0,0,wk1,20,Control,07/09/2016
2,W,0,0,wk1,20,Control,07/09/2016
2,N,1,0,wk1,21,Chemical,07/09/2016
2,E,0,0,wk1,21,Chemical,07/09/2016
2,S,1,1,wk1,21,Chemical,07/09/2016
2,W,0,1,wk1,21,Chemical,07/09/2016
4,N,0,1,wk1,1,Chemical,07/09/2016
4,E,2,6,wk1,1,Chemical,07/09/2016
4,S,0,0,wk1,1,Chemical,07/09/2016
4,W,1,0,wk1,1,Chemical,07/09/2016
4,N,0,1,wk1,2,Control,07/09/2016
4,E,0,3,wk1,2,Control,07/09/2016
4,S,1,3,wk1,2,Control,07/09/2016
4,W,3,2,wk1,2,Control,07/09/2016
4,N,0,0,wk1,3,Predator,07/09/2016
4,E,1,6,wk1,3,Predator,07/09/2016
4,S,2,7,wk1,3,Predator,07/09/2016
4,W,0,3,wk1,3,Predator,07/09/2016
4,N,1,3,wk1,4,Chemical,07/09/2016
4,E,1,2,wk1,4,Chemical,07/09/2016
4,S,0,1,wk1,4,Chemical,07/09/2016
4,W,5,0,wk1,4,Chemical,07/09/2016
4,N,0,0,wk1,5,Predator,07/09/2016
4,E,3,2,wk1,5,Predator,07/09/2016
4,S,2,8,wk1,5,Predator,07/09/2016
4,W,2,0,wk1,5,Predator,07/09/2016
4,N,2,3,wk1,6,Control,07/09/2016
4,E,0,12,wk1,6,Control,07/09/2016
4,S,3,0,wk1,6,Control,07/09/2016
4,W,0,7,wk1,6,Control,07/09/2016
4,N,1,0,wk1,7,Control,07/09/2016
4,E,0,1,wk1,7,Control,07/09/2016
4,S,0,0,wk1,7,Control,07/09/2016
4,W,0,1,wk1,7,Control,07/09/2016
4,N,0,3,wk1,8,Chemical,07/09/2016
4,E,0,0,wk1,8,Chemical,07/09/2016
4,S,0,2,wk1,8,Chemical,07/09/2016
4,W,1,2,wk1,8,Chemical,07/09/2016
4,N,1,4,wk1,9,Predator,07/09/2016
4,E,2,0,wk1,9,Predator,07/09/2016
4,S,0,5,wk1,9,Predator,07/09/2016
4,W,1,0,wk1,9,Predator,07/09/2016
4,N,0,0,wk1,10,Chemical,07/09/2016
4,E,0,4,wk1,10,Chemical,07/09/2016
4,S,0,2,wk1,10,Chemical,07/09/2016
4,W,0,4,wk1,10,Chemical,07/09/2016
4,N,1,2,wk1,11,Predator,07/09/2016
4,E,0,2,wk1,11,Predator,07/09/2016
4,S,4,0,wk1,11,Predator,07/09/2016
4,W,0,0,wk1,11,Predator,07/09/2016
4,N,1,0,wk1,12,Control,07/09/2016
4,E,0,0,wk1,12,Control,07/09/2016
4,S,1,0,wk1,12,Control,07/09/2016
4,W,0,0,wk1,12,Control,07/09/2016
4,N,2,0,wk1,13,Control,07/09/2016
4,E,1,1,wk1,13,Control,07/09/2016
4,S,2,1,wk1,13,Control,07/09/2016
4,W,7,0,wk1,13,Control,07/09/2016
4,N,0,7,wk1,14,Predator,07/09/2016
4,E,0,0,wk1,14,Predator,07/09/2016
4,S,0,1,wk1,14,Predator,07/09/2016
4,W,0,2,wk1,14,Predator,07/09/2016
4,N,1,9,wk1,15,Chemical,07/09/2016
4,E,2,4,wk1,15,Chemical,07/09/2016
4,S,3,9,wk1,15,Chemical,07/09/2016
4,W,2,2,wk1,15,Chemical,07/09/2016
4,N,0,0,wk1,16,Control,07/09/2016
4,E,2,3,wk1,16,Control,07/09/2016
4,S,0,1,wk1,16,Control,07/09/2016
4,W,1,0,wk1,16,Control,07/09/2016
4,N,0,1,wk1,17,Chemical,07/09/2016
4,E,0,1,wk1,17,Chemical,07/09/2016
4,S,1,5,wk1,17,Chemical,07/09/2016
4,W,1,1,wk1,17,Chemical,07/09/2016
4,N,0,1,wk1,18,Predator,07/09/2016
4,E,0,2,wk1,18,Predator,07/09/2016
4,S,0,3,wk1,18,Predator,07/09/2016
4,W,1,0,wk1,18,Predator,07/09/2016
4,N,0,3,wk1,19,Predator,07/09/2016
4,E,2,1,wk1,19,Predator,07/09/2016
4,S,0,4,wk1,19,Predator,07/09/2016
4,W,0,0,wk1,19,Predator,07/09/2016
4,N,1,2,wk1,20,Control,07/09/2016
4,E,0,0,wk1,20,Control,07/09/2016
4,S,1,0,wk1,20,Control,07/09/2016
4,W,1,1,wk1,20,Control,07/09/2016
4,N,2,5,wk1,21,Chemical,07/09/2016
4,E,4,2,wk1,21,Chemical,07/09/2016
4,S,1,4,wk1,21,Chemical,07/09/2016
4,W,1,2,wk1,21,Chemical,07/09/2016
FOCAL,Center,0,1,wk1,1,Chemical,07/09/2016
FOCAL,Center,0,0,wk1,2,Control,07/09/2016
FOCAL,Center,0,1,wk1,3,Predator,07/09/2016
FOCAL,Center,0,0,wk1,4,Chemical,07/09/2016
FOCAL,Center,0,0,wk1,5,Predator,07/09/2016
FOCAL,Center,1,0,wk1,6,Control,07/09/2016
FOCAL,Center,0,0,wk1,7,Control,07/09/2016
FOCAL,Center,0,0,wk1,8,Chemical,07/09/2016
FOCAL,Center,0,0,wk1,9,Predator,07/09/2016
FOCAL,Center,0,3,wk1,10,Chemical,07/09/2016
FOCAL,Center,1,0,wk1,11,Predator,07/09/2016
FOCAL,Center,0,0,wk1,12,Control,07/09/2016
FOCAL,Center,0,1,wk1,13,Control,07/09/2016
FOCAL,Center,0,0,wk1,14,Predator,07/09/2016
FOCAL,Center,0,0,wk1,15,Chemical,07/09/2016
FOCAL,Center,0,0,wk1,16,Control,07/09/2016
FOCAL,Center,0,0,wk1,17,Chemical,07/09/2016
FOCAL,Center,0,0,wk1,18,Predator,07/09/2016
FOCAL,Center,1,6,wk1,19,Predator,07/09/2016
FOCAL,Center,0,1,wk1,20,Control,07/09/2016
FOCAL,Center,1,0,wk1,21,Chemical,07/09/2016
0.5,N,0,33,wk2,1,Chemical,07/16/2016
0.5,E,0,16,wk2,1,Chemical,07/16/2016
0.5,S,3,11,wk2,1,Chemical,07/16/2016
0.5,W,0,5,wk2,1,Chemical,07/16/2016
0.5,N,0,17,wk2,2,Control,07/16/2016
0.5,E,0,30,wk2,2,Control,07/16/2016
0.5,S,2,17,wk2,2,Control,07/16/2016
0.5,W,0,15,wk2,2,Control,07/16/2016
0.5,N,0,55,wk2,3,Predator,07/16/2016
0.5,E,1,2,wk2,3,Predator,07/16/2016
0.5,S,0,0,wk2,3,Predator,07/16/2016
0.5,W,0,0,wk2,3,Predator,07/16/2016
0.5,N,0,23,wk2,4,Chemical,07/16/2016
0.5,E,0,44,wk2,4,Chemical,07/16/2016
0.5,S,0,19,wk2,4,Chemical,07/16/2016
0.5,W,0,9,wk2,4,Chemical,07/16/2016
0.5,N,0,41,wk2,5,Predator,07/16/2016
0.5,E,0,60,wk2,5,Predator,07/16/2016
0.5,S,0,2,wk2,5,Predator,07/16/2016
0.5,W,0,5,wk2,5,Predator,07/16/2016
0.5,N,0,26,wk2,6,Control,07/16/2016
0.5,E,2,26,wk2,6,Control,07/16/2016
0.5,S,1,3,wk2,6,Control,07/16/2016
0.5,W,0,16,wk2,6,Control,07/16/2016
0.5,N,0,18,wk2,7,Control,07/16/2016
0.5,E,0,16,wk2,7,Control,07/16/2016
0.5,S,0,7,wk2,7,Control,07/16/2016
0.5,W,0,17,wk2,7,Control,07/16/2016
0.5,N,1,5,wk2,8,Chemical,07/16/2016
0.5,E,0,2,wk2,8,Chemical,07/16/2016
0.5,S,0,5,wk2,8,Chemical,07/16/2016
0.5,W,0,12,wk2,8,Chemical,07/16/2016
0.5,N,0,15,wk2,9,Predator,07/16/2016
0.5,E,0,30,wk2,9,Predator,07/16/2016
0.5,S,0,0,wk2,9,Predator,07/16/2016
0.5,W,0,13,wk2,9,Predator,07/16/2016
0.5,N,0,11,wk2,10,Chemical,07/16/2016
0.5,E,0,5,wk2,10,Chemical,07/16/2016
0.5,S,0,0,wk2,10,Chemical,07/16/2016
0.5,W,0,4,wk2,10,Chemical,07/16/2016
0.5,N,0,9,wk2,11,Predator,07/16/2016
0.5,E,0,23,wk2,11,Predator,07/16/2016
0.5,S,0,9,wk2,11,Predator,07/16/2016
0.5,W,0,13,wk2,11,Predator,07/16/2016
0.5,N,0,24,wk2,12,Control,07/16/2016
0.5,E,2,11,wk2,12,Control,07/16/2016
0.5,S,0,80,wk2,12,Control,07/16/2016
0.5,W,1,17,wk2,12,Control,07/16/2016
0.5,N,0,1,wk2,13,Control,07/16/2016
0.5,E,2,22,wk2,13,Control,07/16/2016
0.5,S,0,2,wk2,13,Control,07/16/2016
0.5,W,0,15,wk2,13,Control,07/16/2016
0.5,N,0,8,wk2,14,Predator,07/16/2016
0.5,E,0,5,wk2,14,Predator,07/16/2016
0.5,S,0,1,wk2,14,Predator,07/16/2016
0.5,W,0,0,wk2,14,Predator,07/16/2016
0.5,N,0,4,wk2,15,Chemical,07/16/2016
0.5,E,0,4,wk2,15,Chemical,07/16/2016
0.5,S,0,0,wk2,15,Chemical,07/16/2016
0.5,W,0,9,wk2,15,Chemical,07/16/2016
0.5,N,0,23,wk2,16,Control,07/16/2016
0.5,E,0,14,wk2,16,Control,07/16/2016
0.5,S,0,15,wk2,16,Control,07/16/2016
0.5,W,0,6,wk2,16,Control,07/16/2016
0.5,N,0,1,wk2,17,Chemical,07/16/2016
0.5,E,0,27,wk2,17,Chemical,07/16/2016
0.5,S,0,8,wk2,17,Chemical,07/16/2016
0.5,W,0,15,wk2,17,Chemical,07/16/2016
0.5,N,0,57,wk2,18,Predator,07/16/2016
0.5,E,0,43,wk2,18,Predator,07/16/2016
0.5,S,0,10,wk2,18,Predator,07/16/2016
0.5,W,0,11,wk2,18,Predator,07/16/2016
0.5,N,0,17,wk2,19,Predator,07/16/2016
0.5,E,1,35,wk2,19,Predator,07/16/2016
0.5,S,0,2,wk2,19,Predator,07/16/2016
0.5,W,0,9,wk2,19,Predator,07/16/2016
0.5,N,0,9,wk2,20,Control,07/16/2016
0.5,E,0,20,wk2,20,Control,07/16/2016
0.5,S,0,18,wk2,20,Control,07/16/2016
0.5,W,0,7,wk2,20,Control,07/16/2016
0.5,N,0,8,wk2,21,Chemical,07/16/2016
0.5,E,0,8,wk2,21,Chemical,07/16/2016
0.5,S,0,4,wk2,21,Chemical,07/16/2016
0.5,W,0,25,wk2,21,Chemical,07/16/2016
1,N,1,20,wk2,1,Chemical,07/16/2016
1,E,0,26,wk2,1,Chemical,07/16/2016
1,S,0,17,wk2,1,Chemical,07/16/2016
1,W,0,1,wk2,1,Chemical,07/16/2016
1,N,0,3,wk2,2,Control,07/16/2016
1,E,0,26,wk2,2,Control,07/16/2016
1,S,0,22,wk2,2,Control,07/16/2016
1,W,0,8,wk2,2,Control,07/16/2016
1,N,0,4,wk2,3,Predator,07/16/2016
1,E,0,63,wk2,3,Predator,07/16/2016
1,S,0,15,wk2,3,Predator,07/16/2016
1,W,0,13,wk2,3,Predator,07/16/2016
1,N,0,10,wk2,4,Chemical,07/16/2016
1,E,0,35,wk2,4,Chemical,07/16/2016
1,S,0,7,wk2,4,Chemical,07/16/2016
1,W,1,21,wk2,4,Chemical,07/16/2016
1,N,0,2,wk2,5,Predator,07/16/2016
1,E,0,60,wk2,5,Predator,07/16/2016
1,S,0,12,wk2,5,Predator,07/16/2016
1,W,0,7,wk2,5,Predator,07/16/2016
1,N,0,17,wk2,6,Control,07/16/2016
1,E,0,15,wk2,6,Control,07/16/2016
1,S,0,9,wk2,6,Control,07/16/2016
1,W,1,5,wk2,6,Control,07/16/2016
1,N,0,4,wk2,7,Control,07/16/2016
1,E,0,53,wk2,7,Control,07/16/2016
1,S,0,5,wk2,7,Control,07/16/2016
1,W,0,12,wk2,7,Control,07/16/2016
1,N,0,25,wk2,8,Chemical,07/16/2016
1,E,1,5,wk2,8,Chemical,07/16/2016
1,S,0,27,wk2,8,Chemical,07/16/2016
1,W,0,9,wk2,8,Chemical,07/16/2016
1,N,1,2,wk2,9,Predator,07/16/2016
1,E,0,35,wk2,9,Predator,07/16/2016
1,S,0,16,wk2,9,Predator,07/16/2016
1,W,1,2,wk2,9,Predator,07/16/2016
1,N,1,3,wk2,10,Chemical,07/16/2016
1,E,0,26,wk2,10,Chemical,07/16/2016
1,S,0,0,wk2,10,Chemical,07/16/2016
1,W,1,0,wk2,10,Chemical,07/16/2016
1,N,0,25,wk2,11,Predator,07/16/2016
1,E,0,12,wk2,11,Predator,07/16/2016
1,S,0,30,wk2,11,Predator,07/16/2016
1,W,0,7,wk2,11,Predator,07/16/2016
1,N,0,23,wk2,12,Control,07/16/2016
1,E,0,15,wk2,12,Control,07/16/2016
1,S,0,1,wk2,12,Control,07/16/2016
1,W,0,18,wk2,12,Control,07/16/2016
1,N,0,21,wk2,13,Control,07/16/2016
1,E,0,26,wk2,13,Control,07/16/2016
1,S,5,34,wk2,13,Control,07/16/2016
1,W,0,18,wk2,13,Control,07/16/2016
1,N,0,17,wk2,14,Predator,07/16/2016
1,E,0,3,wk2,14,Predator,07/16/2016
1,S,0,1,wk2,14,Predator,07/16/2016
1,W,0,6,wk2,14,Predator,07/16/2016
1,N,0,6,wk2,15,Chemical,07/16/2016
1,E,1,12,wk2,15,Chemical,07/16/2016
1,S,2,2,wk2,15,Chemical,07/16/2016
1,W,0,13,wk2,15,Chemical,07/16/2016
1,N,0,9,wk2,16,Control,07/16/2016
1,E,1,16,wk2,16,Control,07/16/2016
1,S,0,0,wk2,16,Control,07/16/2016
1,W,1,18,wk2,16,Control,07/16/2016
1,N,0,3,wk2,17,Chemical,07/16/2016
1,E,0,40,wk2,17,Chemical,07/16/2016
1,S,0,14,wk2,17,Chemical,07/16/2016
1,W,0,0,wk2,17,Chemical,07/16/2016
1,N,1,45,wk2,18,Predator,07/16/2016
1,E,0,32,wk2,18,Predator,07/16/2016
1,S,0,11,wk2,18,Predator,07/16/2016
1,W,1,15,wk2,18,Predator,07/16/2016
1,N,0,1,wk2,19,Predator,07/16/2016
1,E,0,29,wk2,19,Predator,07/16/2016
1,S,0,1,wk2,19,Predator,07/16/2016
1,W,0,18,wk2,19,Predator,07/16/2016
1,N,0,4,wk2,20,Control,07/16/2016
1,E,1,3,wk2,20,Control,07/16/2016
1,S,0,22,wk2,20,Control,07/16/2016
1,W,0,43,wk2,20,Control,07/16/2016
1,N,0,24,wk2,21,Chemical,07/16/2016
1,E,0,5,wk2,21,Chemical,07/16/2016
1,S,0,5,wk2,21,Chemical,07/16/2016
1,W,0,22,wk2,21,Chemical,07/16/2016
2,N,0,13,wk2,1,Chemical,07/16/2016
2,E,1,8,wk2,1,Chemical,07/16/2016
2,S,0,2,wk2,1,Chemical,07/16/2016
2,W,0,15,wk2,1,Chemical,07/16/2016
2,N,0,1,wk2,2,Control,07/16/2016
2,E,1,51,wk2,2,Control,07/16/2016
2,S,0,26,wk2,2,Control,07/16/2016
2,W,0,3,wk2,2,Control,07/16/2016
2,N,2,8,wk2,3,Predator,07/16/2016
2,E,1,5,wk2,3,Predator,07/16/2016
2,S,1,5,wk2,3,Predator,07/16/2016
2,W,0,16,wk2,3,Predator,07/16/2016
2,N,0,30,wk2,4,Chemical,07/16/2016
2,E,1,0,wk2,4,Chemical,07/16/2016
2,S,0,77,wk2,4,Chemical,07/16/2016
2,W,0,55,wk2,4,Chemical,07/16/2016
2,N,3,5,wk2,5,Predator,07/16/2016
2,E,2,8,wk2,5,Predator,07/16/2016
2,S,0,33,wk2,5,Predator,07/16/2016
2,W,0,1,wk2,5,Predator,07/16/2016
2,N,1,20,wk2,6,Control,07/16/2016
2,E,1,2,wk2,6,Control,07/16/2016
2,S,1,2,wk2,6,Control,07/16/2016
2,W,1,9,wk2,6,Control,07/16/2016
2,N,0,12,wk2,7,Control,07/16/2016
2,E,0,26,wk2,7,Control,07/16/2016
2,S,0,22,wk2,7,Control,07/16/2016
2,W,1,2,wk2,7,Control,07/16/2016
2,N,0,9,wk2,8,Chemical,07/16/2016
2,E,0,11,wk2,8,Chemical,07/16/2016
2,S,0,32,wk2,8,Chemical,07/16/2016
2,W,0,12,wk2,8,Chemical,07/16/2016
2,N,0,7,wk2,9,Predator,07/16/2016
2,E,0,20,wk2,9,Predator,07/16/2016
2,S,0,1,wk2,9,Predator,07/16/2016
2,W,1,0,wk2,9,Predator,07/16/2016
2,N,0,16,wk2,10,Chemical,07/16/2016
2,E,0,11,wk2,10,Chemical,07/16/2016
2,S,0,9,wk2,10,Chemical,07/16/2016
2,W,0,8,wk2,10,Chemical,07/16/2016
2,N,1,10,wk2,11,Predator,07/16/2016
2,E,0,54,wk2,11,Predator,07/16/2016
2,S,0,0,wk2,11,Predator,07/16/2016
2,W,0,4,wk2,11,Predator,07/16/2016
2,N,0,35,wk2,12,Control,07/16/2016
2,E,1,0,wk2,12,Control,07/16/2016
2,S,0,0,wk2,12,Control,07/16/2016
2,W,0,11,wk2,12,Control,07/16/2016
2,N,0,23,wk2,13,Control,07/16/2016
2,E,0,19,wk2,13,Control,07/16/2016
2,S,0,19,wk2,13,Control,07/16/2016
2,W,3,12,wk2,13,Control,07/16/2016
2,N,2,8,wk2,14,Predator,07/16/2016
2,E,1,0,wk2,14,Predator,07/16/2016
2,S,1,1,wk2,14,Predator,07/16/2016
2,W,1,4,wk2,14,Predator,07/16/2016
2,N,1,13,wk2,15,Chemical,07/16/2016
2,E,0,28,wk2,15,Chemical,07/16/2016
2,S,0,37,wk2,15,Chemical,07/16/2016
2,W,0,19,wk2,15,Chemical,07/16/2016
2,N,0,20,wk2,16,Control,07/16/2016
2,E,0,0,wk2,16,Control,07/16/2016
2,S,0,1,wk2,16,Control,07/16/2016
2,W,1,0,wk2,16,Control,07/16/2016
2,N,1,1,wk2,17,Chemical,07/16/2016
2,E,0,12,wk2,17,Chemical,07/16/2016
2,S,0,8,wk2,17,Chemical,07/16/2016
2,W,0,6,wk2,17,Chemical,07/16/2016
2,N,0,33,wk2,18,Predator,07/16/2016
2,E,0,32,wk2,18,Predator,07/16/2016
2,S,0,34,wk2,18,Predator,07/16/2016
2,W,1,1,wk2,18,Predator,07/16/2016
2,N,0,31,wk2,19,Predator,07/16/2016
2,E,1,22,wk2,19,Predator,07/16/2016
2,S,0,1,wk2,19,Predator,07/16/2016
2,W,0,23,wk2,19,Predator,07/16/2016
2,N,0,27,wk2,20,Control,07/16/2016
2,E,0,12,wk2,20,Control,07/16/2016
2,S,0,0,wk2,20,Control,07/16/2016
2,W,0,13,wk2,20,Control,07/16/2016
2,N,0,11,wk2,21,Chemical,07/16/2016
2,E,1,3,wk2,21,Chemical,07/16/2016
2,S,0,14,wk2,21,Chemical,07/16/2016
2,W,0,46,wk2,21,Chemical,07/16/2016
4,N,3,7,wk2,1,Chemical,07/16/2016
4,E,0,4,wk2,1,Chemical,07/16/2016
4,S,5,2,wk2,1,Chemical,07/16/2016
4,W,0,9,wk2,1,Chemical,07/16/2016
4,N,0,28,wk2,2,Control,07/16/2016
4,E,3,33,wk2,2,Control,07/16/2016
4,S,1,24,wk2,2,Control,07/16/2016
4,W,1,7,wk2,2,Control,07/16/2016
4,N,0,1,wk2,3,Predator,07/16/2016
4,E,0,9,wk2,3,Predator,07/16/2016
4,S,0,24,wk2,3,Predator,07/16/2016
4,W,0,0,wk2,3,Predator,07/16/2016
4,N,0,16,wk2,4,Chemical,07/16/2016
4,E,0,17,wk2,4,Chemical,07/16/2016
4,S,0,37,wk2,4,Chemical,07/16/2016
4,W,0,5,wk2,4,Chemical,07/16/2016
4,N,1,2,wk2,5,Predator,07/16/2016
4,E,0,7,wk2,5,Predator,07/16/2016
4,S,1,21,wk2,5,Predator,07/16/2016
4,W,0,18,wk2,5,Predator,07/16/2016
4,N,1,12,wk2,6,Control,07/16/2016
4,E,0,15,wk2,6,Control,07/16/2016
4,S,1,20,wk2,6,Control,07/16/2016
4,W,0,17,wk2,6,Control,07/16/2016
4,N,0,1,wk2,7,Control,07/16/2016
4,E,0,6,wk2,7,Control,07/16/2016
4,S,0,3,wk2,7,Control,07/16/2016
4,W,0,12,wk2,7,Control,07/16/2016
4,N,0,1,wk2,8,Chemical,07/16/2016
4,E,1,19,wk2,8,Chemical,07/16/2016
4,S,1,22,wk2,8,Chemical,07/16/2016
4,W,0,1,wk2,8,Chemical,07/16/2016
4,N,0,4,wk2,9,Predator,07/16/2016
4,E,0,78,wk2,9,Predator,07/16/2016
4,S,0,7,wk2,9,Predator,07/16/2016
4,W,1,0,wk2,9,Predator,07/16/2016
4,N,0,6,wk2,10,Chemical,07/16/2016
4,E,1,4,wk2,10,Chemical,07/16/2016
4,S,0,1,wk2,10,Chemical,07/16/2016
4,W,0,1,wk2,10,Chemical,07/16/2016
4,N,0,1,wk2,11,Predator,07/16/2016
4,E,0,18,wk2,11,Predator,07/16/2016
4,S,0,0,wk2,11,Predator,07/16/2016
4,W,0,19,wk2,11,Predator,07/16/2016
4,N,0,16,wk2,12,Control,07/16/2016
4,E,1,0,wk2,12,Control,07/16/2016
4,S,0,0,wk2,12,Control,07/16/2016
4,W,0,16,wk2,12,Control,07/16/2016
4,N,0,11,wk2,13,Control,07/16/2016
4,E,0,10,wk2,13,Control,07/16/2016
4,S,0,19,wk2,13,Control,07/16/2016
4,W,0,5,wk2,13,Control,07/16/2016
4,N,0,8,wk2,14,Predator,07/16/2016
4,E,1,14,wk2,14,Predator,07/16/2016
4,S,1,1,wk2,14,Predator,07/16/2016
4,W,2,7,wk2,14,Predator,07/16/2016
4,N,0,18,wk2,15,Chemical,07/16/2016
4,E,0,24,wk2,15,Chemical,07/16/2016
4,S,0,5,wk2,15,Chemical,07/16/2016
4,W,0,5,wk2,15,Chemical,07/16/2016
4,N,1,8,wk2,16,Control,07/16/2016
4,E,1,12,wk2,16,Control,07/16/2016
4,S,0,0,wk2,16,Control,07/16/2016
4,W,0,4,wk2,16,Control,07/16/2016
4,N,0,0,wk2,17,Chemical,07/16/2016
4,E,0,11,wk2,17,Chemical,07/16/2016
4,S,1,16,wk2,17,Chemical,07/16/2016
4,W,0,1,wk2,17,Chemical,07/16/2016
4,N,0,56,wk2,18,Predator,07/16/2016
4,E,0,27,wk2,18,Predator,07/16/2016
4,S,0,28,wk2,18,Predator,07/16/2016
4,W,1,12,wk2,18,Predator,07/16/2016
4,N,1,26,wk2,19,Predator,07/16/2016
4,E,0,50,wk2,19,Predator,07/16/2016
4,S,0,14,wk2,19,Predator,07/16/2016
4,W,0,13,wk2,19,Predator,07/16/2016
4,N,0,45,wk2,20,Control,07/16/2016
4,E,0,20,wk2,20,Control,07/16/2016
4,S,0,21,wk2,20,Control,07/16/2016
4,W,0,10,wk2,20,Control,07/16/2016
4,N,0,4,wk2,21,Chemical,07/16/2016
4,E,0,15,wk2,21,Chemical,07/16/2016
4,S,0,28,wk2,21,Chemical,07/16/2016
4,W,0,6,wk2,21,Chemical,07/16/2016
FOCAL,Center,0,5,wk2,1,Chemical,07/16/2016
FOCAL,Center,0,12,wk2,2,Control,07/16/2016
FOCAL,Center,0,2,wk2,3,Predator,07/16/2016
FOCAL,Center,0,4,wk2,4,Chemical,07/16/2016
FOCAL,Center,0,0,wk2,5,Predator,07/16/2016
FOCAL,Center,0,18,wk2,6,Control,07/16/2016
FOCAL,Center,0,15,wk2,7,Control,07/16/2016
FOCAL,Center,1,1,wk2,8,Chemical,07/16/2016
FOCAL,Center,0,10,wk2,9,Predator,07/16/2016
FOCAL,Center,0,4,wk2,10,Chemical,07/16/2016
FOCAL,Center,0,3,wk2,11,Predator,07/16/2016
FOCAL,Center,0,10,wk2,12,Control,07/16/2016
FOCAL,Center,0,9,wk2,13,Control,07/16/2016
FOCAL,Center,0,9,wk2,14,Predator,07/16/2016
FOCAL,Center,0,0,wk2,15,Chemical,07/16/2016
FOCAL,Center,0,1,wk2,16,Control,07/16/2016
FOCAL,Center,0,6,wk2,17,Chemical,07/16/2016
FOCAL,Center,0,2,wk2,18,Predator,07/16/2016
FOCAL,Center,0,0,wk2,19,Predator,07/16/2016
FOCAL,Center,0,2,wk2,20,Control,07/16/2016
FOCAL,Center,0,3,wk2,21,Chemical,07/16/2016
0.5,N,0,0,wk3,1,Chemical,07/22/2016
0.5,E,0,0,wk3,1,Chemical,07/22/2016
0.5,S,1,4,wk3,1,Chemical,07/22/2016
0.5,W,1,0,wk3,1,Chemical,07/22/2016
0.5,N,0,3,wk3,2,Control,07/22/2016
0.5,E,0,5,wk3,2,Control,07/22/2016
0.5,S,0,2,wk3,2,Control,07/22/2016
0.5,W,1,5,wk3,2,Control,07/22/2016
0.5,N,1,0,wk3,3,Predator,07/22/2016
0.5,E,0,0,wk3,3,Predator,07/22/2016
0.5,S,1,0,wk3,3,Predator,07/22/2016
0.5,W,1,1,wk3,3,Predator,07/22/2016
0.5,N,1,3,wk3,4,Chemical,07/22/2016
0.5,E,2,0,wk3,4,Chemical,07/22/2016
0.5,S,0,0,wk3,4,Chemical,07/22/2016
0.5,W,0,0,wk3,4,Chemical,07/22/2016
0.5,N,0,1,wk3,5,Predator,07/22/2016
0.5,E,1,1,wk3,5,Predator,07/22/2016
0.5,S,0,1,wk3,5,Predator,07/22/2016
0.5,W,0,1,wk3,5,Predator,07/22/2016
0.5,N,0,0,wk3,6,Control,07/22/2016
0.5,E,0,0,wk3,6,Control,07/22/2016
0.5,S,1,0,wk3,6,Control,07/22/2016
0.5,W,2,3,wk3,6,Control,07/22/2016
0.5,N,0,0,wk3,7,Control,07/22/2016
0.5,E,1,1,wk3,7,Control,07/22/2016
0.5,S,0,0,wk3,7,Control,07/22/2016
0.5,W,0,1,wk3,7,Control,07/22/2016
0.5,N,0,1,wk3,8,Chemical,07/22/2016
0.5,E,0,11,wk3,8,Chemical,07/22/2016
0.5,S,0,0,wk3,8,Chemical,07/22/2016
0.5,W,0,1,wk3,8,Chemical,07/22/2016
0.5,N,0,0,wk3,9,Predator,07/22/2016
0.5,E,0,1,wk3,9,Predator,07/22/2016
0.5,S,2,0,wk3,9,Predator,07/22/2016
0.5,W,0,2,wk3,9,Predator,07/22/2016
0.5,N,0,0,wk3,10,Chemical,07/22/2016
0.5,E,0,1,wk3,10,Chemical,07/22/2016
0.5,S,0,1,wk3,10,Chemical,07/22/2016
0.5,W,0,0,wk3,10,Chemical,07/22/2016
0.5,N,2,0,wk3,11,Predator,07/22/2016
0.5,E,0,0,wk3,11,Predator,07/22/2016
0.5,S,0,0,wk3,11,Predator,07/22/2016
0.5,W,0,0,wk3,11,Predator,07/22/2016
0.5,N,0,0,wk3,12,Control,07/22/2016
0.5,E,1,0,wk3,12,Control,07/22/2016
0.5,S,0,1,wk3,12,Control,07/22/2016
0.5,W,2,0,wk3,12,Control,07/22/2016
0.5,N,0,0,wk3,13,Control,07/22/2016
0.5,E,0,3,wk3,13,Control,07/22/2016
0.5,S,2,0,wk3,13,Control,07/22/2016
0.5,W,0,4,wk3,13,Control,07/22/2016
0.5,N,0,1,wk3,14,Predator,07/22/2016
0.5,E,0,0,wk3,14,Predator,07/22/2016
0.5,S,0,0,wk3,14,Predator,07/22/2016
0.5,W,0,0,wk3,14,Predator,07/22/2016
0.5,N,0,0,wk3,15,Chemical,07/22/2016
0.5,E,0,0,wk3,15,Chemical,07/22/2016
0.5,S,0,0,wk3,15,Chemical,07/22/2016
0.5,W,0,1,wk3,15,Chemical,07/22/2016
0.5,N,0,0,wk3,16,Control,07/22/2016
0.5,E,0,0,wk3,16,Control,07/22/2016
0.5,S,0,0,wk3,16,Control,07/22/2016
0.5,W,0,8,wk3,16,Control,07/22/2016
0.5,N,0,0,wk3,17,Chemical,07/22/2016
0.5,E,0,0,wk3,17,Chemical,07/22/2016
0.5,S,0,0,wk3,17,Chemical,07/22/2016
0.5,W,0,1,wk3,17,Chemical,07/22/2016
0.5,N,0,0,wk3,18,Predator,07/22/2016
0.5,E,1,0,wk3,18,Predator,07/22/2016
0.5,S,0,0,wk3,18,Predator,07/22/2016
0.5,W,0,3,wk3,18,Predator,07/22/2016
0.5,N,0,0,wk3,19,Predator,07/22/2016
0.5,E,0,1,wk3,19,Predator,07/22/2016
0.5,S,0,1,wk3,19,Predator,07/22/2016
0.5,W,0,0,wk3,19,Predator,07/22/2016
0.5,N,0,0,wk3,20,Control,07/22/2016
0.5,E,0,0,wk3,20,Control,07/22/2016
0.5,S,0,12,wk3,20,Control,07/22/2016
0.5,W,0,0,wk3,20,Control,07/22/2016
0.5,N,0,0,wk3,21,Chemical,07/22/2016
0.5,E,0,0,wk3,21,Chemical,07/22/2016
0.5,S,0,7,wk3,21,Chemical,07/22/2016
0.5,W,2,6,wk3,21,Chemical,07/22/2016
1,N,0,4,wk3,1,Chemical,07/22/2016
1,E,1,0,wk3,1,Chemical,07/22/2016
1,S,2,0,wk3,1,Chemical,07/22/2016
1,W,0,0,wk3,1,Chemical,07/22/2016
1,N,0,0,wk3,2,Control,07/22/2016
1,E,0,2,wk3,2,Control,07/22/2016
1,S,0,2,wk3,2,Control,07/22/2016
1,W,1,2,wk3,2,Control,07/22/2016
1,N,0,2,wk3,3,Predator,07/22/2016
1,E,0,6,wk3,3,Predator,07/22/2016
1,S,0,0,wk3,3,Predator,07/22/2016
1,W,1,1,wk3,3,Predator,07/22/2016
1,N,0,1,wk3,4,Chemical,07/22/2016
1,E,0,3,wk3,4,Chemical,07/22/2016
1,S,0,0,wk3,4,Chemical,07/22/2016
1,W,1,0,wk3,4,Chemical,07/22/2016
1,N,0,0,wk3,5,Predator,07/22/2016
1,E,0,3,wk3,5,Predator,07/22/2016
1,S,0,1,wk3,5,Predator,07/22/2016
1,W,0,4,wk3,5,Predator,07/22/2016
1,N,1,5,wk3,6,Control,07/22/2016
1,E,1,15,wk3,6,Control,07/22/2016
1,S,0,0,wk3,6,Control,07/22/2016
1,W,2,1,wk3,6,Control,07/22/2016
1,N,0,1,wk3,7,Control,07/22/2016
1,E,0,1,wk3,7,Control,07/22/2016
1,S,1,0,wk3,7,Control,07/22/2016
1,W,0,0,wk3,7,Control,07/22/2016
1,N,0,1,wk3,8,Chemical,07/22/2016
1,E,0,0,wk3,8,Chemical,07/22/2016
1,S,1,0,wk3,8,Chemical,07/22/2016
1,W,0,0,wk3,8,Chemical,07/22/2016
1,N,0,2,wk3,9,Predator,07/22/2016
1,E,0,0,wk3,9,Predator,07/22/2016
1,S,0,0,wk3,9,Predator,07/22/2016
1,W,1,3,wk3,9,Predator,07/22/2016
1,N,0,0,wk3,10,Chemical,07/22/2016
1,E,0,0,wk3,10,Chemical,07/22/2016
1,S,0,10,wk3,10,Chemical,07/22/2016
1,W,0,0,wk3,10,Chemical,07/22/2016
1,N,1,5,wk3,11,Predator,07/22/2016
1,E,0,0,wk3,11,Predator,07/22/2016
1,S,0,9,wk3,11,Predator,07/22/2016
1,W,0,0,wk3,11,Predator,07/22/2016
1,N,0,0,wk3,12,Control,07/22/2016
1,E,0,1,wk3,12,Control,07/22/2016
1,S,0,0,wk3,12,Control,07/22/2016
1,W,1,0,wk3,12,Control,07/22/2016
1,N,0,3,wk3,13,Control,07/22/2016
1,E,0,1,wk3,13,Control,07/22/2016
1,S,0,0,wk3,13,Control,07/22/2016
1,W,0,1,wk3,13,Control,07/22/2016
1,N,1,0,wk3,14,Predator,07/22/2016
1,E,0,0,wk3,14,Predator,07/22/2016
1,S,0,0,wk3,14,Predator,07/22/2016
1,W,0,1,wk3,14,Predator,07/22/2016
1,N,0,0,wk3,15,Chemical,07/22/2016
1,E,0,2,wk3,15,Chemical,07/22/2016
1,S,0,0,wk3,15,Chemical,07/22/2016
1,W,0,0,wk3,15,Chemical,07/22/2016
1,N,0,1,wk3,16,Control,07/22/2016
1,E,0,2,wk3,16,Control,07/22/2016
1,S,0,0,wk3,16,Control,07/22/2016
1,W,0,23,wk3,16,Control,07/22/2016
1,N,0,0,wk3,17,Chemical,07/22/2016
1,E,0,5,wk3,17,Chemical,07/22/2016
1,S,0,0,wk3,17,Chemical,07/22/2016
1,W,0,0,wk3,17,Chemical,07/22/2016
1,N,0,1,wk3,18,Predator,07/22/2016
1,E,0,0,wk3,18,Predator,07/22/2016
1,S,0,0,wk3,18,Predator,07/22/2016
1,W,0,0,wk3,18,Predator,07/22/2016
1,N,0,0,wk3,19,Predator,07/22/2016
1,E,0,0,wk3,19,Predator,07/22/2016
1,S,0,0,wk3,19,Predator,07/22/2016
1,W,0,5,wk3,19,Predator,07/22/2016
1,N,0,0,wk3,20,Control,07/22/2016
1,E,0,0,wk3,20,Control,07/22/2016
1,S,0,2,wk3,20,Control,07/22/2016
1,W,0,0,wk3,20,Control,07/22/2016
1,N,0,0,wk3,21,Chemical,07/22/2016
1,E,0,0,wk3,21,Chemical,07/22/2016
1,S,1,1,wk3,21,Chemical,07/22/2016
1,W,0,0,wk3,21,Chemical,07/22/2016
2,N,3,1,wk3,1,Chemical,07/22/2016
2,E,2,8,wk3,1,Chemical,07/22/2016
2,S,1,1,wk3,1,Chemical,07/22/2016
2,W,2,1,wk3,1,Chemical,07/22/2016
2,N,0,0,wk3,2,Control,07/22/2016
2,E,0,0,wk3,2,Control,07/22/2016
2,S,0,1,wk3,2,Control,07/22/2016
2,W,1,1,wk3,2,Control,07/22/2016
2,N,0,0,wk3,3,Predator,07/22/2016
2,E,0,2,wk3,3,Predator,07/22/2016
2,S,0,4,wk3,3,Predator,07/22/2016
2,W,2,2,wk3,3,Predator,07/22/2016
2,N,4,2,wk3,4,Chemical,07/22/2016
2,E,2,0,wk3,4,Chemical,07/22/2016
2,S,0,1,wk3,4,Chemical,07/22/2016
2,W,0,0,wk3,4,Chemical,07/22/2016
2,N,1,1,wk3,5,Predator,07/22/2016
2,E,0,0,wk3,5,Predator,07/22/2016
2,S,2,0,wk3,5,Predator,07/22/2016
2,W,0,1,wk3,5,Predator,07/22/2016
2,N,0,1,wk3,6,Control,07/22/2016
2,E,1,0,wk3,6,Control,07/22/2016
2,S,0,0,wk3,6,Control,07/22/2016
2,W,1,2,wk3,6,Control,07/22/2016
2,N,2,0,wk3,7,Control,07/22/2016
2,E,0,0,wk3,7,Control,07/22/2016
2,S,0,3,wk3,7,Control,07/22/2016
2,W,1,0,wk3,7,Control,07/22/2016
2,N,0,0,wk3,8,Chemical,07/22/2016
2,E,1,1,wk3,8,Chemical,07/22/2016
2,S,0,1,wk3,8,Chemical,07/22/2016
2,W,3,0,wk3,8,Chemical,07/22/2016
2,N,1,0,wk3,9,Predator,07/22/2016
2,E,1,0,wk3,9,Predator,07/22/2016
2,S,0,1,wk3,9,Predator,07/22/2016
2,W,0,0,wk3,9,Predator,07/22/2016
2,N,0,1,wk3,10,Chemical,07/22/2016
2,E,0,1,wk3,10,Chemical,07/22/2016
2,S,0,0,wk3,10,Chemical,07/22/2016
2,W,0,0,wk3,10,Chemical,07/22/2016
2,N,0,7,wk3,11,Predator,07/22/2016
2,E,0,0,wk3,11,Predator,07/22/2016
2,S,1,0,wk3,11,Predator,07/22/2016
2,W,0,0,wk3,11,Predator,07/22/2016
2,N,3,0,wk3,12,Control,07/22/2016
2,E,1,0,wk3,12,Control,07/22/2016
2,S,0,0,wk3,12,Control,07/22/2016
2,W,0,0,wk3,12,Control,07/22/2016
2,N,2,0,wk3,13,Control,07/22/2016
2,E,0,0,wk3,13,Control,07/22/2016
2,S,0,3,wk3,13,Control,07/22/2016
2,W,0,3,wk3,13,Control,07/22/2016
2,N,1,0,wk3,14,Predator,07/22/2016
2,E,0,0,wk3,14,Predator,07/22/2016
2,S,0,0,wk3,14,Predator,07/22/2016
2,W,0,2,wk3,14,Predator,07/22/2016
2,N,0,0,wk3,15,Chemical,07/22/2016
2,E,0,1,wk3,15,Chemical,07/22/2016
2,S,0,0,wk3,15,Chemical,07/22/2016
2,W,0,0,wk3,15,Chemical,07/22/2016
2,N,1,0,wk3,16,Control,07/22/2016
2,E,0,0,wk3,16,Control,07/22/2016
2,S,1,0,wk3,16,Control,07/22/2016
2,W,0,0,wk3,16,Control,07/22/2016
2,N,0,0,wk3,17,Chemical,07/22/2016
2,E,0,2,wk3,17,Chemical,07/22/2016
2,S,0,0,wk3,17,Chemical,07/22/2016
2,W,0,1,wk3,17,Chemical,07/22/2016
2,N,1,0,wk3,18,Predator,07/22/2016
2,E,0,1,wk3,18,Predator,07/22/2016
2,S,0,3,wk3,18,Predator,07/22/2016
2,W,0,1,wk3,18,Predator,07/22/2016
2,N,0,0,wk3,19,Predator,07/22/2016
2,E,0,18,wk3,19,Predator,07/22/2016
2,S,0,0,wk3,19,Predator,07/22/2016
2,W,0,0,wk3,19,Predator,07/22/2016
2,N,0,0,wk3,20,Control,07/22/2016
2,E,0,0,wk3,20,Control,07/22/2016
2,S,0,1,wk3,20,Control,07/22/2016
2,W,0,1,wk3,20,Control,07/22/2016
2,N,0,2,wk3,21,Chemical,07/22/2016
2,E,0,0,wk3,21,Chemical,07/22/2016
2,S,0,0,wk3,21,Chemical,07/22/2016
2,W,0,2,wk3,21,Chemical,07/22/2016
4,N,2,1,wk3,1,Chemical,07/22/2016
4,E,1,0,wk3,1,Chemical,07/22/2016
4,S,3,0,wk3,1,Chemical,07/22/2016
4,W,0,0,wk3,1,Chemical,07/22/2016
4,N,1,1,wk3,2,Control,07/22/2016
4,E,1,0,wk3,2,Control,07/22/2016
4,S,0,1,wk3,2,Control,07/22/2016
4,W,0,0,wk3,2,Control,07/22/2016
4,N,2,0,wk3,3,Predator,07/22/2016
4,E,1,0,wk3,3,Predator,07/22/2016
4,S,0,1,wk3,3,Predator,07/22/2016
4,W,0,0,wk3,3,Predator,07/22/2016
4,N,1,2,wk3,4,Chemical,07/22/2016
4,E,0,2,wk3,4,Chemical,07/22/2016
4,S,0,0,wk3,4,Chemical,07/22/2016
4,W,0,1,wk3,4,Chemical,07/22/2016
4,N,0,1,wk3,5,Predator,07/22/2016
4,E,1,2,wk3,5,Predator,07/22/2016
4,S,0,4,wk3,5,Predator,07/22/2016
4,W,1,4,wk3,5,Predator,07/22/2016
4,N,3,2,wk3,6,Control,07/22/2016
4,E,0,2,wk3,6,Control,07/22/2016
4,S,0,0,wk3,6,Control,07/22/2016
4,W,1,4,wk3,6,Control,07/22/2016
4,N,0,1,wk3,7,Control,07/22/2016
4,E,0,1,wk3,7,Control,07/22/2016
4,S,1,1,wk3,7,Control,07/22/2016
4,W,1,3,wk3,7,Control,07/22/2016
4,N,0,0,wk3,8,Chemical,07/22/2016
4,E,1,0,wk3,8,Chemical,07/22/2016
4,S,0,1,wk3,8,Chemical,07/22/2016
4,W,1,3,wk3,8,Chemical,07/22/2016
4,N,2,2,wk3,9,Predator,07/22/2016
4,E,4,6,wk3,9,Predator,07/22/2016
4,S,0,0,wk3,9,Predator,07/22/2016
4,W,0,2,wk3,9,Predator,07/22/2016
4,N,0,3,wk3,10,Chemical,07/22/2016
4,E,1,0,wk3,10,Chemical,07/22/2016
4,S,0,11,wk3,10,Chemical,07/22/2016
4,W,1,0,wk3,10,Chemical,07/22/2016
4,N,3,1,wk3,11,Predator,07/22/2016
4,E,3,0,wk3,11,Predator,07/22/2016
4,S,1,1,wk3,11,Predator,07/22/2016
4,W,0,1,wk3,11,Predator,07/22/2016
4,N,0,0,wk3,12,Control,07/22/2016
4,E,0,0,wk3,12,Control,07/22/2016
4,S,1,0,wk3,12,Control,07/22/2016
4,W,0,1,wk3,12,Control,07/22/2016
4,N,1,2,wk3,13,Control,07/22/2016
4,E,0,0,wk3,13,Control,07/22/2016
4,S,0,1,wk3,13,Control,07/22/2016
4,W,2,9,wk3,13,Control,07/22/2016
4,N,1,0,wk3,14,Predator,07/22/2016
4,E,1,0,wk3,14,Predator,07/22/2016
4,S,0,1,wk3,14,Predator,07/22/2016
4,W,0,0,wk3,14,Predator,07/22/2016
4,N,0,1,wk3,15,Chemical,07/22/2016
4,E,0,0,wk3,15,Chemical,07/22/2016
4,S,2,1,wk3,15,Chemical,07/22/2016
4,W,0,0,wk3,15,Chemical,07/22/2016
4,N,0,1,wk3,16,Control,07/22/2016
4,E,0,2,wk3,16,Control,07/22/2016
4,S,0,0,wk3,16,Control,07/22/2016
4,W,0,9,wk3,16,Control,07/22/2016
4,N,0,0,wk3,17,Chemical,07/22/2016
4,E,0,2,wk3,17,Chemical,07/22/2016
4,S,0,0,wk3,17,Chemical,07/22/2016
4,W,0,0,wk3,17,Chemical,07/22/2016
4,N,0,0,wk3,18,Predator,07/22/2016
4,E,1,4,wk3,18,Predator,07/22/2016
4,S,1,0,wk3,18,Predator,07/22/2016
4,W,1,0,wk3,18,Predator,07/22/2016
4,N,0,2,wk3,19,Predator,07/22/2016
4,E,0,3,wk3,19,Predator,07/22/2016
4,S,0,0,wk3,19,Predator,07/22/2016
4,W,0,2,wk3,19,Predator,07/22/2016
4,N,2,0,wk3,20,Control,07/22/2016
4,E,0,0,wk3,20,Control,07/22/2016
4,S,0,2,wk3,20,Control,07/22/2016
4,W,1,2,wk3,20,Control,07/22/2016
4,N,0,0,wk3,21,Chemical,07/22/2016
4,E,0,0,wk3,21,Chemical,07/22/2016
4,S,0,3,wk3,21,Chemical,07/22/2016
4,W,0,0,wk3,21,Chemical,07/22/2016
FOCAL,Center,1,0,wk3,1,Chemical,07/22/2016
FOCAL,Center,1,0,wk3,2,Control,07/22/2016
FOCAL,Center,0,2,wk3,3,Predator,07/22/2016
FOCAL,Center,0,0,wk3,4,Chemical,07/22/2016
FOCAL,Center,1,0,wk3,5,Predator,07/22/2016
FOCAL,Center,0,1,wk3,6,Control,07/22/2016
FOCAL,Center,0,1,wk3,7,Control,07/22/2016
FOCAL,Center,0,16,wk3,8,Chemical,07/22/2016
FOCAL,Center,0,0,wk3,9,Predator,07/22/2016
FOCAL,Center,0,1,wk3,10,Chemical,07/22/2016
FOCAL,Center,0,0,wk3,11,Predator,07/22/2016
FOCAL,Center,0,0,wk3,12,Control,07/22/2016
FOCAL,Center,0,0,wk3,13,Control,07/22/2016
FOCAL,Center,0,0,wk3,14,Predator,07/22/2016
FOCAL,Center,1,0,wk3,15,Chemical,07/22/2016
FOCAL,Center,0,0,wk3,16,Control,07/22/2016
FOCAL,Center,0,0,wk3,17,Chemical,07/22/2016
FOCAL,Center,0,1,wk3,18,Predator,07/22/2016
FOCAL,Center,0,0,wk3,19,Predator,07/22/2016
FOCAL,Center,0,0,wk3,20,Control,07/22/2016
FOCAL,Center,0,0,wk3,21,Chemical,07/22/2016
0.5,N,0,2,wk4,1,Chemical,07/29/2016
0.5,E,2,0,wk4,1,Chemical,07/29/2016
0.5,S,0,1,wk4,1,Chemical,07/29/2016
0.5,W,0,0,wk4,1,Chemical,07/29/2016
0.5,N,0,0,wk4,2,Control,07/29/2016
0.5,E,0,0,wk4,2,Control,07/29/2016
0.5,S,0,0,wk4,2,Control,07/29/2016
0.5,W,0,2,wk4,2,Control,07/29/2016
0.5,N,0,5,wk4,3,Predator,07/29/2016
0.5,E,0,0,wk4,3,Predator,07/29/2016
0.5,S,1,1,wk4,3,Predator,07/29/2016
0.5,W,0,0,wk4,3,Predator,07/29/2016
0.5,N,0,0,wk4,4,Chemical,07/29/2016
0.5,E,0,0,wk4,4,Chemical,07/29/2016
0.5,S,0,0,wk4,4,Chemical,07/29/2016
0.5,W,1,0,wk4,4,Chemical,07/29/2016
0.5,N,0,0,wk4,5,Predator,07/29/2016
0.5,E,0,0,wk4,5,Predator,07/29/2016
0.5,S,1,0,wk4,5,Predator,07/29/2016
0.5,W,4,0,wk4,5,Predator,07/29/2016
0.5,N,0,0,wk4,6,Control,07/29/2016
0.5,E,2,0,wk4,6,Control,07/29/2016
0.5,S,0,0,wk4,6,Control,07/29/2016
0.5,W,2,0,wk4,6,Control,07/29/2016
0.5,N,0,4,wk4,7,Control,07/29/2016
0.5,E,1,0,wk4,7,Control,07/29/2016
0.5,S,0,0,wk4,7,Control,07/29/2016
0.5,W,0,0,wk4,7,Control,07/29/2016
0.5,N,0,0,wk4,8,Chemical,07/29/2016
0.5,E,0,0,wk4,8,Chemical,07/29/2016
0.5,S,0,0,wk4,8,Chemical,07/29/2016
0.5,W,1,0,wk4,8,Chemical,07/29/2016
0.5,N,1,0,wk4,9,Predator,07/29/2016
0.5,E,0,0,wk4,9,Predator,07/29/2016
0.5,S,1,0,wk4,9,Predator,07/29/2016
0.5,W,2,0,wk4,9,Predator,07/29/2016
0.5,N,1,0,wk4,10,Chemical,07/29/2016
0.5,E,0,0,wk4,10,Chemical,07/29/2016
0.5,S,0,0,wk4,10,Chemical,07/29/2016
0.5,W,1,0,wk4,10,Chemical,07/29/2016
0.5,N,0,0,wk4,11,Predator,07/29/2016
0.5,E,0,0,wk4,11,Predator,07/29/2016
0.5,S,0,0,wk4,11,Predator,07/29/2016
0.5,W,1,0,wk4,11,Predator,07/29/2016
0.5,N,0,0,wk4,12,Control,07/29/2016
0.5,E,0,0,wk4,12,Control,07/29/2016
0.5,S,0,0,wk4,12,Control,07/29/2016
0.5,W,0,0,wk4,12,Control,07/29/2016
0.5,N,1,0,wk4,13,Control,07/29/2016
0.5,E,0,0,wk4,13,Control,07/29/2016
0.5,S,1,0,wk4,13,Control,07/29/2016
0.5,W,2,1,wk4,13,Control,07/29/2016
0.5,N,0,0,wk4,14,Predator,07/29/2016
0.5,E,2,0,wk4,14,Predator,07/29/2016
0.5,S,0,0,wk4,14,Predator,07/29/2016
0.5,W,0,0,wk4,14,Predator,07/29/2016
0.5,N,1,1,wk4,15,Chemical,07/29/2016
0.5,E,1,1,wk4,15,Chemical,07/29/2016
0.5,S,1,0,wk4,15,Chemical,07/29/2016
0.5,W,1,0,wk4,15,Chemical,07/29/2016
0.5,N,1,0,wk4,16,Control,07/29/2016
0.5,E,1,4,wk4,16,Control,07/29/2016
0.5,S,0,1,wk4,16,Control,07/29/2016
0.5,W,1,1,wk4,16,Control,07/29/2016
0.5,N,0,0,wk4,17,Chemical,07/29/2016
0.5,E,0,2,wk4,17,Chemical,07/29/2016
0.5,S,0,2,wk4,17,Chemical,07/29/2016
0.5,W,0,0,wk4,17,Chemical,07/29/2016
0.5,N,0,0,wk4,18,Predator,07/29/2016
0.5,E,0,0,wk4,18,Predator,07/29/2016
0.5,S,0,0,wk4,18,Predator,07/29/2016
0.5,W,0,0,wk4,18,Predator,07/29/2016
0.5,N,0,0,wk4,19,Predator,07/29/2016
0.5,E,1,0,wk4,19,Predator,07/29/2016
0.5,S,0,0,wk4,19,Predator,07/29/2016
0.5,W,0,0,wk4,19,Predator,07/29/2016
0.5,N,0,0,wk4,20,Control,07/29/2016
0.5,E,0,1,wk4,20,Control,07/29/2016
0.5,S,0,0,wk4,20,Control,07/29/2016
0.5,W,0,0,wk4,20,Control,07/29/2016
0.5,N,0,0,wk4,21,Chemical,07/29/2016
0.5,E,1,0,wk4,21,Chemical,07/29/2016
0.5,S,0,2,wk4,21,Chemical,07/29/2016
0.5,W,0,0,wk4,21,Chemical,07/29/2016
1,N,1,0,wk4,1,Chemical,07/29/2016
1,E,1,0,wk4,1,Chemical,07/29/2016
1,S,1,0,wk4,1,Chemical,07/29/2016
1,W,0,0,wk4,1,Chemical,07/29/2016
1,N,2,0,wk4,2,Control,07/29/2016
1,E,1,0,wk4,2,Control,07/29/2016
1,S,0,0,wk4,2,Control,07/29/2016
1,W,0,0,wk4,2,Control,07/29/2016
1,N,0,0,wk4,3,Predator,07/29/2016
1,E,0,0,wk4,3,Predator,07/29/2016
1,S,0,0,wk4,3,Predator,07/29/2016
1,W,1,0,wk4,3,Predator,07/29/2016
1,N,0,0,wk4,4,Chemical,07/29/2016
1,E,0,0,wk4,4,Chemical,07/29/2016
1,S,0,0,wk4,4,Chemical,07/29/2016
1,W,1,0,wk4,4,Chemical,07/29/2016
1,N,0,0,wk4,5,Predator,07/29/2016
1,E,1,0,wk4,5,Predator,07/29/2016
1,S,0,0,wk4,5,Predator,07/29/2016
1,W,0,0,wk4,5,Predator,07/29/2016
1,N,2,0,wk4,6,Control,07/29/2016
1,E,0,0,wk4,6,Control,07/29/2016
1,S,1,0,wk4,6,Control,07/29/2016
1,W,1,0,wk4,6,Control,07/29/2016
1,N,5,0,wk4,7,Control,07/29/2016
1,E,1,0,wk4,7,Control,07/29/2016
1,S,0,0,wk4,7,Control,07/29/2016
1,W,1,0,wk4,7,Control,07/29/2016
1,N,0,3,wk4,8,Chemical,07/29/2016
1,E,0,2,wk4,8,Chemical,07/29/2016
1,S,0,0,wk4,8,Chemical,07/29/2016
1,W,0,0,wk4,8,Chemical,07/29/2016
1,N,1,0,wk4,9,Predator,07/29/2016
1,E,3,0,wk4,9,Predator,07/29/2016
1,S,2,0,wk4,9,Predator,07/29/2016
1,W,1,0,wk4,9,Predator,07/29/2016
1,N,0,0,wk4,10,Chemical,07/29/2016
1,E,0,0,wk4,10,Chemical,07/29/2016
1,S,0,0,wk4,10,Chemical,07/29/2016
1,W,2,0,wk4,10,Chemical,07/29/2016
1,N,1,0,wk4,11,Predator,07/29/2016
1,E,0,1,wk4,11,Predator,07/29/2016
1,S,2,1,wk4,11,Predator,07/29/2016
1,W,0,0,wk4,11,Predator,07/29/2016
1,N,0,0,wk4,12,Control,07/29/2016
1,E,0,0,wk4,12,Control,07/29/2016
1,S,0,0,wk4,12,Control,07/29/2016
1,W,2,0,wk4,12,Control,07/29/2016
1,N,0,1,wk4,13,Control,07/29/2016
1,E,1,1,wk4,13,Control,07/29/2016
1,S,0,1,wk4,13,Control,07/29/2016
1,W,1,0,wk4,13,Control,07/29/2016
1,N,0,0,wk4,14,Predator,07/29/2016
1,E,1,0,wk4,14,Predator,07/29/2016
1,S,0,0,wk4,14,Predator,07/29/2016
1,W,0,0,wk4,14,Predator,07/29/2016
1,N,0,0,wk4,15,Chemical,07/29/2016
1,E,1,0,wk4,15,Chemical,07/29/2016
1,S,0,0,wk4,15,Chemical,07/29/2016
1,W,1,2,wk4,15,Chemical,07/29/2016
1,N,0,0,wk4,16,Control,07/29/2016
1,E,1,2,wk4,16,Control,07/29/2016
1,S,1,0,wk4,16,Control,07/29/2016
1,W,0,15,wk4,16,Control,07/29/2016
1,N,0,0,wk4,17,Chemical,07/29/2016
1,E,0,0,wk4,17,Chemical,07/29/2016
1,S,0,0,wk4,17,Chemical,07/29/2016
1,W,0,0,wk4,17,Chemical,07/29/2016
1,N,0,6,wk4,18,Predator,07/29/2016
1,E,0,0,wk4,18,Predator,07/29/2016
1,S,0,0,wk4,18,Predator,07/29/2016
1,W,0,0,wk4,18,Predator,07/29/2016
1,N,2,1,wk4,19,Predator,07/29/2016
1,E,0,1,wk4,19,Predator,07/29/2016
1,S,1,0,wk4,19,Predator,07/29/2016
1,W,0,1,wk4,19,Predator,07/29/2016
1,N,1,0,wk4,20,Control,07/29/2016
1,E,2,0,wk4,20,Control,07/29/2016
1,S,2,0,wk4,20,Control,07/29/2016
1,W,1,3,wk4,20,Control,07/29/2016
1,N,0,0,wk4,21,Chemical,07/29/2016
1,E,0,0,wk4,21,Chemical,07/29/2016
1,S,0,0,wk4,21,Chemical,07/29/2016
1,W,2,0,wk4,21,Chemical,07/29/2016
2,N,0,1,wk4,1,Chemical,07/29/2016
2,E,0,1,wk4,1,Chemical,07/29/2016
2,S,0,0,wk4,1,Chemical,07/29/2016
2,W,0,0,wk4,1,Chemical,07/29/2016
2,N,2,0,wk4,2,Control,07/29/2016
2,E,3,1,wk4,2,Control,07/29/2016
2,S,2,1,wk4,2,Control,07/29/2016
2,W,1,0,wk4,2,Control,07/29/2016
2,N,0,3,wk4,3,Predator,07/29/2016
2,E,0,0,wk4,3,Predator,07/29/2016
2,S,2,0,wk4,3,Predator,07/29/2016
2,W,0,0,wk4,3,Predator,07/29/2016
2,N,0,0,wk4,4,Chemical,07/29/2016
2,E,0,0,wk4,4,Chemical,07/29/2016
2,S,0,0,wk4,4,Chemical,07/29/2016
2,W,1,0,wk4,4,Chemical,07/29/2016
2,N,0,0,wk4,5,Predator,07/29/2016
2,E,0,0,wk4,5,Predator,07/29/2016
2,S,0,0,wk4,5,Predator,07/29/2016
2,W,0,0,wk4,5,Predator,07/29/2016
2,N,2,0,wk4,6,Control,07/29/2016
2,E,0,0,wk4,6,Control,07/29/2016
2,S,1,0,wk4,6,Control,07/29/2016
2,W,0,1,wk4,6,Control,07/29/2016
2,N,1,0,wk4,7,Control,07/29/2016
2,E,0,0,wk4,7,Control,07/29/2016
2,S,2,0,wk4,7,Control,07/29/2016
2,W,1,0,wk4,7,Control,07/29/2016
2,N,0,0,wk4,8,Chemical,07/29/2016
2,E,0,0,wk4,8,Chemical,07/29/2016
2,S,1,0,wk4,8,Chemical,07/29/2016
2,W,0,0,wk4,8,Chemical,07/29/2016
2,N,1,0,wk4,9,Predator,07/29/2016
2,E,0,0,wk4,9,Predator,07/29/2016
2,S,0,0,wk4,9,Predator,07/29/2016
2,W,0,0,wk4,9,Predator,07/29/2016
2,N,2,0,wk4,10,Chemical,07/29/2016
2,E,3,0,wk4,10,Chemical,07/29/2016
2,S,0,1,wk4,10,Chemical,07/29/2016
2,W,1,0,wk4,10,Chemical,07/29/2016
2,N,0,2,wk4,11,Predator,07/29/2016
2,E,0,2,wk4,11,Predator,07/29/2016
2,S,4,0,wk4,11,Predator,07/29/2016
2,W,0,0,wk4,11,Predator,07/29/2016
2,N,0,0,wk4,12,Control,07/29/2016
2,E,1,0,wk4,12,Control,07/29/2016
2,S,1,0,wk4,12,Control,07/29/2016
2,W,0,0,wk4,12,Control,07/29/2016
2,N,1,0,wk4,13,Control,07/29/2016
2,E,1,0,wk4,13,Control,07/29/2016
2,S,1,0,wk4,13,Control,07/29/2016
2,W,0,0,wk4,13,Control,07/29/2016
2,N,0,1,wk4,14,Predator,07/29/2016
2,E,0,0,wk4,14,Predator,07/29/2016
2,S,0,0,wk4,14,Predator,07/29/2016
2,W,0,0,wk4,14,Predator,07/29/2016
2,N,0,0,wk4,15,Chemical,07/29/2016
2,E,0,0,wk4,15,Chemical,07/29/2016
2,S,0,0,wk4,15,Chemical,07/29/2016
2,W,0,0,wk4,15,Chemical,07/29/2016
2,N,1,4,wk4,16,Control,07/29/2016
2,E,0,0,wk4,16,Control,07/29/2016
2,S,1,0,wk4,16,Control,07/29/2016
2,W,0,0,wk4,16,Control,07/29/2016
2,N,0,0,wk4,17,Chemical,07/29/2016
2,E,2,0,wk4,17,Chemical,07/29/2016
2,S,1,4,wk4,17,Chemical,07/29/2016
2,W,0,1,wk4,17,Chemical,07/29/2016
2,N,0,2,wk4,18,Predator,07/29/2016
2,E,0,0,wk4,18,Predator,07/29/2016
2,S,0,0,wk4,18,Predator,07/29/2016
2,W,1,0,wk4,18,Predator,07/29/2016
2,N,1,1,wk4,19,Predator,07/29/2016
2,E,0,0,wk4,19,Predator,07/29/2016
2,S,0,0,wk4,19,Predator,07/29/2016
2,W,0,0,wk4,19,Predator,07/29/2016
2,N,1,0,wk4,20,Control,07/29/2016
2,E,0,0,wk4,20,Control,07/29/2016
2,S,2,0,wk4,20,Control,07/29/2016
2,W,0,0,wk4,20,Control,07/29/2016
2,N,1,0,wk4,21,Chemical,07/29/2016
2,E,1,0,wk4,21,Chemical,07/29/2016
2,S,2,0,wk4,21,Chemical,07/29/2016
2,W,0,0,wk4,21,Chemical,07/29/2016
4,N,1,0,wk4,1,Chemical,07/29/2016
4,E,0,0,wk4,1,Chemical,07/29/2016
4,S,2,2,wk4,1,Chemical,07/29/2016
4,W,0,1,wk4,1,Chemical,07/29/2016
4,N,0,0,wk4,2,Control,07/29/2016
4,E,0,0,wk4,2,Control,07/29/2016
4,S,2,4,wk4,2,Control,07/29/2016
4,W,0,0,wk4,2,Control,07/29/2016
4,N,1,0,wk4,3,Predator,07/29/2016
4,E,1,0,wk4,3,Predator,07/29/2016
4,S,1,0,wk4,3,Predator,07/29/2016
4,W,0,0,wk4,3,Predator,07/29/2016
4,N,0,0,wk4,4,Chemical,07/29/2016
4,E,0,0,wk4,4,Chemical,07/29/2016
4,S,0,0,wk4,4,Chemical,07/29/2016
4,W,0,0,wk4,4,Chemical,07/29/2016
4,N,0,0,wk4,5,Predator,07/29/2016
4,E,1,0,wk4,5,Predator,07/29/2016
4,S,0,0,wk4,5,Predator,07/29/2016
4,W,0,0,wk4,5,Predator,07/29/2016
4,N,0,0,wk4,6,Control,07/29/2016
4,E,0,1,wk4,6,Control,07/29/2016
4,S,0,1,wk4,6,Control,07/29/2016
4,W,2,0,wk4,6,Control,07/29/2016
4,N,0,2,wk4,7,Control,07/29/2016
4,E,0,0,wk4,7,Control,07/29/2016
4,S,2,0,wk4,7,Control,07/29/2016
4,W,0,0,wk4,7,Control,07/29/2016
4,N,0,0,wk4,8,Chemical,07/29/2016
4,E,0,0,wk4,8,Chemical,07/29/2016
4,S,4,0,wk4,8,Chemical,07/29/2016
4,W,1,0,wk4,8,Chemical,07/29/2016
4,N,2,0,wk4,9,Predator,07/29/2016
4,E,0,0,wk4,9,Predator,07/29/2016
4,S,3,0,wk4,9,Predator,07/29/2016
4,W,1,0,wk4,9,Predator,07/29/2016
4,N,1,0,wk4,10,Chemical,07/29/2016
4,E,0,0,wk4,10,Chemical,07/29/2016
4,S,1,0,wk4,10,Chemical,07/29/2016
4,W,1,0,wk4,10,Chemical,07/29/2016
4,N,1,0,wk4,11,Predator,07/29/2016
4,E,0,4,wk4,11,Predator,07/29/2016
4,S,5,0,wk4,11,Predator,07/29/2016
4,W,2,0,wk4,11,Predator,07/29/2016
4,N,4,0,wk4,12,Control,07/29/2016
4,E,4,0,wk4,12,Control,07/29/2016
4,S,1,0,wk4,12,Control,07/29/2016
4,W,1,0,wk4,12,Control,07/29/2016
4,N,1,0,wk4,13,Control,07/29/2016
4,E,0,0,wk4,13,Control,07/29/2016
4,S,1,0,wk4,13,Control,07/29/2016
4,W,0,0,wk4,13,Control,07/29/2016
4,N,0,0,wk4,14,Predator,07/29/2016
4,E,0,0,wk4,14,Predator,07/29/2016
4,S,1,0,wk4,14,Predator,07/29/2016
4,W,0,1,wk4,14,Predator,07/29/2016
4,N,0,0,wk4,15,Chemical,07/29/2016
4,E,0,0,wk4,15,Chemical,07/29/2016
4,S,0,0,wk4,15,Chemical,07/29/2016
4,W,0,0,wk4,15,Chemical,07/29/2016
4,N,0,3,wk4,16,Control,07/29/2016
4,E,2,0,wk4,16,Control,07/29/2016
4,S,0,0,wk4,16,Control,07/29/2016
4,W,0,0,wk4,16,Control,07/29/2016
4,N,0,1,wk4,17,Chemical,07/29/2016
4,E,3,0,wk4,17,Chemical,07/29/2016
4,S,0,1,wk4,17,Chemical,07/29/2016
4,W,0,1,wk4,17,Chemical,07/29/2016
4,N,5,3,wk4,18,Predator,07/29/2016
4,E,2,0,wk4,18,Predator,07/29/2016
4,S,0,0,wk4,18,Predator,07/29/2016
4,W,1,3,wk4,18,Predator,07/29/2016
4,N,1,2,wk4,19,Predator,07/29/2016
4,E,0,0,wk4,19,Predator,07/29/2016
4,S,0,0,wk4,19,Predator,07/29/2016
4,W,1,0,wk4,19,Predator,07/29/2016
4,N,2,0,wk4,20,Control,07/29/2016
4,E,0,0,wk4,20,Control,07/29/2016
4,S,4,3,wk4,20,Control,07/29/2016
4,W,2,0,wk4,20,Control,07/29/2016
4,N,1,1,wk4,21,Chemical,07/29/2016
4,E,2,0,wk4,21,Chemical,07/29/2016
4,S,1,0,wk4,21,Chemical,07/29/2016
4,W,3,0,wk4,21,Chemical,07/29/2016
FOCAL,Center,0,0,wk4,1,Chemical,07/29/2016
FOCAL,Center,0,0,wk4,2,Control,07/29/2016
FOCAL,Center,0,0,wk4,3,Predator,07/29/2016
FOCAL,Center,0,0,wk4,4,Chemical,07/29/2016
FOCAL,Center,0,0,wk4,5,Predator,07/29/2016
FOCAL,Center,0,0,wk4,6,Control,07/29/2016
FOCAL,Center,0,0,wk4,7,Control,07/29/2016
FOCAL,Center,0,0,wk4,8,Chemical,07/29/2016
FOCAL,Center,0,0,wk4,9,Predator,07/29/2016
FOCAL,Center,1,0,wk4,10,Chemical,07/29/2016
FOCAL,Center,0,0,wk4,11,Predator,07/29/2016
FOCAL,Center,0,0,wk4,12,Control,07/29/2016
FOCAL,Center,0,0,wk4,13,Control,07/29/2016
FOCAL,Center,1,0,wk4,14,Predator,07/29/2016
FOCAL,Center,0,0,wk4,15,Chemical,07/29/2016
FOCAL,Center,0,0,wk4,16,Control,07/29/2016
FOCAL,Center,0,0,wk4,17,Chemical,07/29/2016
FOCAL,Center,0,0,wk4,18,Predator,07/29/2016
FOCAL,Center,0,0,wk4,19,Predator,07/29/2016
FOCAL,Center,0,0,wk4,20,Control,07/29/2016
FOCAL,Center,1,0,wk4,21,Chemical,07/29/2016
0.5,N,0,0,wk5,1,Chemical,08/05/2016
0.5,E,0,0,wk5,1,Chemical,08/05/2016
0.5,S,0,0,wk5,1,Chemical,08/05/2016
0.5,W,0,0,wk5,1,Chemical,08/05/2016
0.5,N,0,0,wk5,2,Control,08/05/2016
0.5,E,0,0,wk5,2,Control,08/05/2016
0.5,S,2,0,wk5,2,Control,08/05/2016
0.5,W,0,0,wk5,2,Control,08/05/2016
0.5,N,0,0,wk5,3,Predator,08/05/2016
0.5,E,0,0,wk5,3,Predator,08/05/2016
0.5,S,0,0,wk5,3,Predator,08/05/2016
0.5,W,0,0,wk5,3,Predator,08/05/2016
0.5,N,0,0,wk5,4,Chemical,08/05/2016
0.5,E,0,0,wk5,4,Chemical,08/05/2016
0.5,S,0,0,wk5,4,Chemical,08/05/2016
0.5,W,0,0,wk5,4,Chemical,08/05/2016
0.5,N,0,0,wk5,5,Predator,08/05/2016
0.5,E,0,0,wk5,5,Predator,08/05/2016
0.5,S,0,0,wk5,5,Predator,08/05/2016
0.5,W,0,0,wk5,5,Predator,08/05/2016
0.5,N,0,0,wk5,6,Control,08/05/2016
0.5,E,1,0,wk5,6,Control,08/05/2016
0.5,S,0,0,wk5,6,Control,08/05/2016
0.5,W,0,0,wk5,6,Control,08/05/2016
0.5,N,0,0,wk5,7,Control,08/05/2016
0.5,E,0,0,wk5,7,Control,08/05/2016
0.5,S,0,0,wk5,7,Control,08/05/2016
0.5,W,0,0,wk5,7,Control,08/05/2016
0.5,N,0,0,wk5,8,Chemical,08/05/2016
0.5,E,0,0,wk5,8,Chemical,08/05/2016
0.5,S,0,0,wk5,8,Chemical,08/05/2016
0.5,W,0,0,wk5,8,Chemical,08/05/2016
0.5,N,0,0,wk5,9,Predator,08/05/2016
0.5,E,0,0,wk5,9,Predator,08/05/2016
0.5,S,0,0,wk5,9,Predator,08/05/2016
0.5,W,1,0,wk5,9,Predator,08/05/2016
0.5,N,0,0,wk5,10,Chemical,08/05/2016
0.5,E,1,0,wk5,10,Chemical,08/05/2016
0.5,S,0,0,wk5,10,Chemical,08/05/2016
0.5,W,0,0,wk5,10,Chemical,08/05/2016
0.5,N,0,0,wk5,11,Predator,08/05/2016
0.5,E,2,0,wk5,11,Predator,08/05/2016
0.5,S,0,0,wk5,11,Predator,08/05/2016
0.5,W,0,1,wk5,11,Predator,08/05/2016
0.5,N,0,0,wk5,12,Control,08/05/2016
0.5,E,0,0,wk5,12,Control,08/05/2016
0.5,S,0,0,wk5,12,Control,08/05/2016
0.5,W,1,1,wk5,12,Control,08/05/2016
0.5,N,0,0,wk5,13,Control,08/05/2016
0.5,E,0,0,wk5,13,Control,08/05/2016
0.5,S,0,0,wk5,13,Control,08/05/2016
0.5,W,1,1,wk5,13,Control,08/05/2016
0.5,N,0,1,wk5,14,Predator,08/05/2016
0.5,E,0,0,wk5,14,Predator,08/05/2016
0.5,S,0,0,wk5,14,Predator,08/05/2016
0.5,W,0,0,wk5,14,Predator,08/05/2016
0.5,N,0,0,wk5,15,Chemical,08/05/2016
0.5,E,0,0,wk5,15,Chemical,08/05/2016
0.5,S,0,0,wk5,15,Chemical,08/05/2016
0.5,W,0,0,wk5,15,Chemical,08/05/2016
0.5,N,0,0,wk5,16,Control,08/05/2016
0.5,E,0,0,wk5,16,Control,08/05/2016
0.5,S,0,0,wk5,16,Control,08/05/2016
0.5,W,0,0,wk5,16,Control,08/05/2016
0.5,N,0,0,wk5,17,Chemical,08/05/2016
0.5,E,0,0,wk5,17,Chemical,08/05/2016
0.5,S,0,0,wk5,17,Chemical,08/05/2016
0.5,W,0,0,wk5,17,Chemical,08/05/2016
0.5,N,0,0,wk5,18,Predator,08/05/2016
0.5,E,0,0,wk5,18,Predator,08/05/2016
0.5,S,0,0,wk5,18,Predator,08/05/2016
0.5,W,0,0,wk5,18,Predator,08/05/2016
0.5,N,0,3,wk5,19,Predator,08/05/2016
0.5,E,0,0,wk5,19,Predator,08/05/2016
0.5,S,0,0,wk5,19,Predator,08/05/2016
0.5,W,0,0,wk5,19,Predator,08/05/2016
0.5,N,0,0,wk5,20,Control,08/05/2016
0.5,E,0,0,wk5,20,Control,08/05/2016
0.5,S,0,0,wk5,20,Control,08/05/2016
0.5,W,0,0,wk5,20,Control,08/05/2016
0.5,N,0,0,wk5,21,Chemical,08/05/2016
0.5,E,0,1,wk5,21,Chemical,08/05/2016
0.5,S,1,0,wk5,21,Chemical,08/05/2016
0.5,W,1,0,wk5,21,Chemical,08/05/2016
1,N,0,0,wk5,1,Chemical,08/05/2016
1,E,0,0,wk5,1,Chemical,08/05/2016
1,S,0,0,wk5,1,Chemical,08/05/2016
1,W,0,0,wk5,1,Chemical,08/05/2016
1,N,0,0,wk5,2,Control,08/05/2016
1,E,0,0,wk5,2,Control,08/05/2016
1,S,0,0,wk5,2,Control,08/05/2016
1,W,0,0,wk5,2,Control,08/05/2016
1,N,0,0,wk5,3,Predator,08/05/2016
1,E,0,0,wk5,3,Predator,08/05/2016
1,S,0,0,wk5,3,Predator,08/05/2016
1,W,0,0,wk5,3,Predator,08/05/2016
1,N,0,2,wk5,4,Chemical,08/05/2016
1,E,0,0,wk5,4,Chemical,08/05/2016
1,S,0,0,wk5,4,Chemical,08/05/2016
1,W,0,0,wk5,4,Chemical,08/05/2016
1,N,0,0,wk5,5,Predator,08/05/2016
1,E,0,0,wk5,5,Predator,08/05/2016
1,S,0,0,wk5,5,Predator,08/05/2016
1,W,0,0,wk5,5,Predator,08/05/2016
1,N,0,0,wk5,6,Control,08/05/2016
1,E,2,0,wk5,6,Control,08/05/2016
1,S,1,0,wk5,6,Control,08/05/2016
1,W,0,0,wk5,6,Control,08/05/2016
1,N,0,0,wk5,7,Control,08/05/2016
1,E,0,0,wk5,7,Control,08/05/2016
1,S,0,0,wk5,7,Control,08/05/2016
1,W,0,0,wk5,7,Control,08/05/2016
1,N,1,0,wk5,8,Chemical,08/05/2016
1,E,0,0,wk5,8,Chemical,08/05/2016
1,S,0,0,wk5,8,Chemical,08/05/2016
1,W,0,0,wk5,8,Chemical,08/05/2016
1,N,0,0,wk5,9,Predator,08/05/2016
1,E,1,0,wk5,9,Predator,08/05/2016
1,S,0,1,wk5,9,Predator,08/05/2016
1,W,0,0,wk5,9,Predator,08/05/2016
1,N,0,0,wk5,10,Chemical,08/05/2016
1,E,0,0,wk5,10,Chemical,08/05/2016
1,S,0,0,wk5,10,Chemical,08/05/2016
1,W,0,0,wk5,10,Chemical,08/05/2016
1,N,0,0,wk5,11,Predator,08/05/2016
1,E,1,0,wk5,11,Predator,08/05/2016
1,S,0,0,wk5,11,Predator,08/05/2016
1,W,0,0,wk5,11,Predator,08/05/2016
1,N,0,0,wk5,12,Control,08/05/2016
1,E,3,0,wk5,12,Control,08/05/2016
1,S,0,0,wk5,12,Control,08/05/2016
1,W,0,1,wk5,12,Control,08/05/2016
1,N,0,5,wk5,13,Control,08/05/2016
1,E,1,1,wk5,13,Control,08/05/2016
1,S,0,0,wk5,13,Control,08/05/2016
1,W,0,3,wk5,13,Control,08/05/2016
1,N,0,0,wk5,14,Predator,08/05/2016
1,E,1,0,wk5,14,Predator,08/05/2016
1,S,1,0,wk5,14,Predator,08/05/2016
1,W,0,0,wk5,14,Predator,08/05/2016
1,N,0,0,wk5,15,Chemical,08/05/2016
1,E,0,0,wk5,15,Chemical,08/05/2016
1,S,0,0,wk5,15,Chemical,08/05/2016
1,W,1,0,wk5,15,Chemical,08/05/2016
1,N,0,0,wk5,16,Control,08/05/2016
1,E,0,0,wk5,16,Control,08/05/2016
1,S,1,0,wk5,16,Control,08/05/2016
1,W,0,0,wk5,16,Control,08/05/2016
1,N,0,1,wk5,17,Chemical,08/05/2016
1,E,0,0,wk5,17,Chemical,08/05/2016
1,S,0,0,wk5,17,Chemical,08/05/2016
1,W,0,0,wk5,17,Chemical,08/05/2016
1,N,0,0,wk5,18,Predator,08/05/2016
1,E,0,0,wk5,18,Predator,08/05/2016
1,S,0,0,wk5,18,Predator,08/05/2016
1,W,0,0,wk5,18,Predator,08/05/2016
1,N,1,0,wk5,19,Predator,08/05/2016
1,E,0,0,wk5,19,Predator,08/05/2016
1,S,0,0,wk5,19,Predator,08/05/2016
1,W,0,0,wk5,19,Predator,08/05/2016
1,N,0,0,wk5,20,Control,08/05/2016
1,E,2,0,wk5,20,Control,08/05/2016
1,S,0,0,wk5,20,Control,08/05/2016
1,W,0,0,wk5,20,Control,08/05/2016
1,N,0,0,wk5,21,Chemical,08/05/2016
1,E,0,0,wk5,21,Chemical,08/05/2016
1,S,0,0,wk5,21,Chemical,08/05/2016
1,W,1,0,wk5,21,Chemical,08/05/2016
2,N,0,0,wk5,1,Chemical,08/05/2016
2,E,0,0,wk5,1,Chemical,08/05/2016
2,S,0,0,wk5,1,Chemical,08/05/2016
2,W,0,0,wk5,1,Chemical,08/05/2016
2,N,0,0,wk5,2,Control,08/05/2016
2,E,0,0,wk5,2,Control,08/05/2016
2,S,1,0,wk5,2,Control,08/05/2016
2,W,0,0,wk5,2,Control,08/05/2016
2,N,0,0,wk5,3,Predator,08/05/2016
2,E,0,0,wk5,3,Predator,08/05/2016
2,S,0,0,wk5,3,Predator,08/05/2016
2,W,0,0,wk5,3,Predator,08/05/2016
2,N,0,0,wk5,4,Chemical,08/05/2016
2,E,0,0,wk5,4,Chemical,08/05/2016
2,S,0,0,wk5,4,Chemical,08/05/2016
2,W,0,0,wk5,4,Chemical,08/05/2016
2,N,0,0,wk5,5,Predator,08/05/2016
2,E,0,0,wk5,5,Predator,08/05/2016
2,S,0,0,wk5,5,Predator,08/05/2016
2,W,0,0,wk5,5,Predator,08/05/2016
2,N,0,0,wk5,6,Control,08/05/2016
2,E,0,0,wk5,6,Control,08/05/2016
2,S,0,0,wk5,6,Control,08/05/2016
2,W,0,0,wk5,6,Control,08/05/2016
2,N,0,0,wk5,7,Control,08/05/2016
2,E,0,0,wk5,7,Control,08/05/2016
2,S,0,0,wk5,7,Control,08/05/2016
2,W,0,0,wk5,7,Control,08/05/2016
2,N,0,0,wk5,8,Chemical,08/05/2016
2,E,0,0,wk5,8,Chemical,08/05/2016
2,S,1,0,wk5,8,Chemical,08/05/2016
2,W,0,0,wk5,8,Chemical,08/05/2016
2,N,1,0,wk5,9,Predator,08/05/2016
2,E,3,0,wk5,9,Predator,08/05/2016
2,S,1,0,wk5,9,Predator,08/05/2016
2,W,0,0,wk5,9,Predator,08/05/2016
2,N,0,0,wk5,10,Chemical,08/05/2016
2,E,0,0,wk5,10,Chemical,08/05/2016
2,S,0,0,wk5,10,Chemical,08/05/2016
2,W,0,0,wk5,10,Chemical,08/05/2016
2,N,0,0,wk5,11,Predator,08/05/2016
2,E,0,0,wk5,11,Predator,08/05/2016
2,S,0,0,wk5,11,Predator,08/05/2016
2,W,0,0,wk5,11,Predator,08/05/2016
2,N,1,0,wk5,12,Control,08/05/2016
2,E,2,0,wk5,12,Control,08/05/2016
2,S,0,0,wk5,12,Control,08/05/2016
2,W,0,0,wk5,12,Control,08/05/2016
2,N,0,1,wk5,13,Control,08/05/2016
2,E,0,0,wk5,13,Control,08/05/2016
2,S,0,0,wk5,13,Control,08/05/2016
2,W,0,0,wk5,13,Control,08/05/2016
2,N,0,0,wk5,14,Predator,08/05/2016
2,E,0,0,wk5,14,Predator,08/05/2016
2,S,0,0,wk5,14,Predator,08/05/2016
2,W,0,0,wk5,14,Predator,08/05/2016
2,N,0,0,wk5,15,Chemical,08/05/2016
2,E,0,0,wk5,15,Chemical,08/05/2016
2,S,0,0,wk5,15,Chemical,08/05/2016
2,W,0,0,wk5,15,Chemical,08/05/2016
2,N,1,0,wk5,16,Control,08/05/2016
2,E,0,0,wk5,16,Control,08/05/2016
2,S,0,2,wk5,16,Control,08/05/2016
2,W,0,1,wk5,16,Control,08/05/2016
2,N,0,0,wk5,17,Chemical,08/05/2016
2,E,0,0,wk5,17,Chemical,08/05/2016
2,S,0,0,wk5,17,Chemical,08/05/2016
2,W,0,1,wk5,17,Chemical,08/05/2016
2,N,0,0,wk5,18,Predator,08/05/2016
2,E,0,0,wk5,18,Predator,08/05/2016
2,S,0,0,wk5,18,Predator,08/05/2016
2,W,0,0,wk5,18,Predator,08/05/2016
2,N,0,0,wk5,19,Predator,08/05/2016
2,E,0,0,wk5,19,Predator,08/05/2016
2,S,0,0,wk5,19,Predator,08/05/2016
2,W,0,0,wk5,19,Predator,08/05/2016
2,N,0,0,wk5,20,Control,08/05/2016
2,E,1,0,wk5,20,Control,08/05/2016
2,S,0,0,wk5,20,Control,08/05/2016
2,W,0,0,wk5,20,Control,08/05/2016
2,N,0,0,wk5,21,Chemical,08/05/2016
2,E,0,0,wk5,21,Chemical,08/05/2016
2,S,0,0,wk5,21,Chemical,08/05/2016
2,W,0,0,wk5,21,Chemical,08/05/2016
4,N,0,0,wk5,1,Chemical,08/05/2016
4,E,0,0,wk5,1,Chemical,08/05/2016
4,S,0,0,wk5,1,Chemical,08/05/2016
4,W,0,2,wk5,1,Chemical,08/05/2016
4,N,0,0,wk5,2,Control,08/05/2016
4,E,0,0,wk5,2,Control,08/05/2016
4,S,0,0,wk5,2,Control,08/05/2016
4,W,1,0,wk5,2,Control,08/05/2016
4,N,0,0,wk5,3,Predator,08/05/2016
4,E,0,0,wk5,3,Predator,08/05/2016
4,S,0,0,wk5,3,Predator,08/05/2016
4,W,0,0,wk5,3,Predator,08/05/2016
4,N,1,0,wk5,4,Chemical,08/05/2016
4,E,0,0,wk5,4,Chemical,08/05/2016
4,S,0,0,wk5,4,Chemical,08/05/2016
4,W,0,0,wk5,4,Chemical,08/05/2016
4,N,0,0,wk5,5,Predator,08/05/2016
4,E,0,0,wk5,5,Predator,08/05/2016
4,S,1,0,wk5,5,Predator,08/05/2016
4,W,0,0,wk5,5,Predator,08/05/2016
4,N,1,0,wk5,6,Control,08/05/2016
4,E,3,0,wk5,6,Control,08/05/2016
4,S,0,0,wk5,6,Control,08/05/2016
4,W,0,0,wk5,6,Control,08/05/2016
4,N,0,0,wk5,7,Control,08/05/2016
4,E,0,0,wk5,7,Control,08/05/2016
4,S,0,0,wk5,7,Control,08/05/2016
4,W,0,0,wk5,7,Control,08/05/2016
4,N,0,2,wk5,8,Chemical,08/05/2016
4,E,0,0,wk5,8,Chemical,08/05/2016
4,S,0,0,wk5,8,Chemical,08/05/2016
4,W,0,0,wk5,8,Chemical,08/05/2016
4,N,0,0,wk5,9,Predator,08/05/2016
4,E,0,0,wk5,9,Predator,08/05/2016
4,S,0,0,wk5,9,Predator,08/05/2016
4,W,0,1,wk5,9,Predator,08/05/2016
4,N,0,0,wk5,10,Chemical,08/05/2016
4,E,2,0,wk5,10,Chemical,08/05/2016
4,S,0,0,wk5,10,Chemical,08/05/2016
4,W,0,2,wk5,10,Chemical,08/05/2016
4,N,0,0,wk5,11,Predator,08/05/2016
4,E,0,0,wk5,11,Predator,08/05/2016
4,S,0,0,wk5,11,Predator,08/05/2016
4,W,0,2,wk5,11,Predator,08/05/2016
4,N,1,0,wk5,12,Control,08/05/2016
4,E,1,1,wk5,12,Control,08/05/2016
4,S,1,0,wk5,12,Control,08/05/2016
4,W,0,0,wk5,12,Control,08/05/2016
4,N,1,1,wk5,13,Control,08/05/2016
4,E,0,0,wk5,13,Control,08/05/2016
4,S,0,0,wk5,13,Control,08/05/2016
4,W,0,1,wk5,13,Control,08/05/2016
4,N,0,0,wk5,14,Predator,08/05/2016
4,E,0,0,wk5,14,Predator,08/05/2016
4,S,0,0,wk5,14,Predator,08/05/2016
4,W,0,0,wk5,14,Predator,08/05/2016
4,N,2,0,wk5,15,Chemical,08/05/2016
4,E,0,0,wk5,15,Chemical,08/05/2016
4,S,0,0,wk5,15,Chemical,08/05/2016
4,W,0,0,wk5,15,Chemical,08/05/2016
4,N,0,0,wk5,16,Control,08/05/2016
4,E,0,0,wk5,16,Control,08/05/2016
4,S,0,0,wk5,16,Control,08/05/2016
4,W,0,0,wk5,16,Control,08/05/2016
4,N,1,0,wk5,17,Chemical,08/05/2016
4,E,0,0,wk5,17,Chemical,08/05/2016
4,S,0,0,wk5,17,Chemical,08/05/2016
4,W,0,3,wk5,17,Chemical,08/05/2016
4,N,0,0,wk5,18,Predator,08/05/2016
4,E,0,0,wk5,18,Predator,08/05/2016
4,S,0,0,wk5,18,Predator,08/05/2016
4,W,1,0,wk5,18,Predator,08/05/2016
4,N,0,0,wk5,19,Predator,08/05/2016
4,E,2,0,wk5,19,Predator,08/05/2016
4,S,0,0,wk5,19,Predator,08/05/2016
4,W,0,0,wk5,19,Predator,08/05/2016
4,N,2,0,wk5,20,Control,08/05/2016
4,E,0,0,wk5,20,Control,08/05/2016
4,S,1,0,wk5,20,Control,08/05/2016
4,W,0,0,wk5,20,Control,08/05/2016
4,N,0,0,wk5,21,Chemical,08/05/2016
4,E,0,0,wk5,21,Chemical,08/05/2016
4,S,1,0,wk5,21,Chemical,08/05/2016
4,W,0,0,wk5,21,Chemical,08/05/2016
FOCAL,Center,0,0,wk5,1,Chemical,08/05/2016
FOCAL,Center,0,0,wk5,2,Control,08/05/2016
FOCAL,Center,0,0,wk5,3,Predator,08/05/2016
FOCAL,Center,0,0,wk5,4,Chemical,08/05/2016
FOCAL,Center,0,0,wk5,5,Predator,08/05/2016
FOCAL,Center,0,0,wk5,6,Control,08/05/2016
FOCAL,Center,0,0,wk5,7,Control,08/05/2016
FOCAL,Center,0,0,wk5,8,Chemical,08/05/2016
FOCAL,Center,0,0,wk5,9,Predator,08/05/2016
FOCAL,Center,1,0,wk5,10,Chemical,08/05/2016
FOCAL,Center,0,2,wk5,11,Predator,08/05/2016
FOCAL,Center,0,0,wk5,12,Control,08/05/2016
FOCAL,Center,0,0,wk5,13,Control,08/05/2016
FOCAL,Center,0,0,wk5,14,Predator,08/05/2016
FOCAL,Center,0,0,wk5,15,Chemical,08/05/2016
FOCAL,Center,1,0,wk5,16,Control,08/05/2016
FOCAL,Center,0,0,wk5,17,Chemical,08/05/2016
FOCAL,Center,1,1,wk5,18,Predator,08/05/2016
FOCAL,Center,1,0,wk5,19,Predator,08/05/2016
FOCAL,Center,0,0,wk5,20,Control,08/05/2016
FOCAL,Center,0,0,wk5,21,Chemical,08/05/2016